Tue Jun 10 02:00:16 2014,chiya85 (YaYa),衣飾,涼感凝膠止滑隱形襪,公館/景美,0,http://www.ptt.cc/bbs/BuyTogether/M.1402336819.A.581.html,http://www.gomaji.com/Taiwan_p55730.html
Tue Jun 10 02:06:14 2014,d50393 (一隻魚),衣飾,雪紡防走光打底褲,台南/郵寄,0,http://www.ptt.cc/bbs/BuyTogether/M.1402337176.A.EA4.html,http://item.taobao.com/item.htm?id=38728525498
Tue Jun 10 02:08:29 2014,christina300 (錢...長腳離我而去了),無主,超萌糖果色鏈條蝴蝶小包,直寄/ez,32,http://www.ptt.cc/bbs/BuyTogether/M.1402337313.A.10C.html,"http://item.taobao.com/item.htm?spm=a230r.1.14.38.sKMVRn&id=37642032219&ns=1&_u=51kufrhlc93c#detail,http://www.ptt.cc/bbs/BuyTogether/M.1401995873.A.548.html"
Tue Jun 10 01:55:05 2014,aiwei (splendor in th grass),綜合,Q TACE羽絨睡袋,木柵/新店,0,http://www.ptt.cc/bbs/BuyTogether/M.1402336509.A.ECD.html,https://apps.facebook.com/mallgiccart/product.aspx?id=a5f02886-51eb-4bb9-951f-fa5ef23bd55b
Tue Jun 10 01:11:45 2014,scodowying (RAFF),無主,lepow便宜充電線,郵寄,15,http://www.ptt.cc/bbs/BuyTogether/M.1402333908.A.A52.html,"http://detail.tmall.com/item.htm?spm=a1z10.3.w4011-3756429564.84.O8bkfH&id=23966148229&rn=e38a74ec076438db0c81be5b3fe73c2d&tbpm=3,http://www.ptt.cc/bbs/BuyTogether/M.1402149595.A.F20.html"
Tue Jun 10 00:56:21 2014,backfire (Ageless beauty),衣飾,雪紡防走光打底褲,101世貿站/圓山站,0,http://www.ptt.cc/bbs/BuyTogether/M.1402332986.A.A98.html,http://item.taobao.com/item.htm?id=38728525498
Tue Jun 10 01:48:29 2014,applesweety (蘋果甜),綜合,lush洗髮餅,林口長庚,0,http://www.ptt.cc/bbs/BuyTogether/M.1402336112.A.BB0.html,https://tw.buy.yahoo.com/gdsale/gdqta.asp?gdid=5153499
Tue Jun 10 01:04:18 2014,a4758299 (微微),綜合,GMARKET呂洗髮精/R3攪拌機粉底液,EZ,2,http://www.ptt.cc/bbs/BuyTogether/M.1402333462.A.4EF.html,"http://item2.gmarket.co.kr/English/detailview/item.aspx?goodscode=198593277,https://docs.google.com/forms/d/1vGhkL_4CY_3gsO4cqBwqPyInkqK_FggGbgb93nE6vRE/viewform,http://item2.gmarket.co.kr/English/detailview/Item.aspx?goodscode=152904951"
Tue Jun 10 01:43:52 2014,emilshe (有一天就是今天),食物,看海長大的芒果乾,ez,6,http://www.ptt.cc/bbs/BuyTogether/M.1402335835.A.AF0.html,"https://docs.google.com/forms/d/1d6XRfpInwrEEdw6M6MCigUZ7iBMU5V7ZKVC5wSTSGLo/viewform?usp=send_form,http://goods.ruten.com.tw/item/show?21305264274848"
Tue Jun 10 01:43:03 2014,mengin (突然好想你),無主,淘寶多色LED鬧鐘,直寄/EZ,57,http://www.ptt.cc/bbs/BuyTogether/M.1402335786.A.A8A.html,"http://item.taobao.com/item.htm?id=19795855016,http://www.ptt.cc/bbs/BuyTogether/M.1401630919.A.8F9.html,http://www.ptt.cc/bbs/BuyTogether/M.1402033025.A.911.html"
Tue Jun 10 01:08:41 2014,mocimocy100 (笑也是笑你是個白痴),,,,3,http://www.ptt.cc/bbs/BuyTogether/M.1402333724.A.540.html,http://item.taobao.com/item.htm?id=37512549266&ns=1#detail
Tue Jun 10 01:45:32 2014,lifesummer (夏天),食物,王老師麻花捲,台中西區/其他,0,http://www.ptt.cc/bbs/BuyTogether/M.1402335935.A.BA7.html,http://www.wang8612802.url.tw/info.html
Tue Jun 10 00:47:30 2014,aclisd (:)),衣飾,雪紡防走光打底褲(u大),永和/郵寄,5,http://www.ptt.cc/bbs/BuyTogether/M.1402332452.A.557.html,http://item.taobao.com/item.htm?id=38728525498
Tue Jun 10 01:53:47 2014,poisesunrise (水溺死了魚),無主,淘寶顯瘦包臀半身裙,直寄,0,http://www.ptt.cc/bbs/BuyTogether/M.1402336430.A.CC0.html,http://detail.1688.com/offer/37147724865.html
Tue Jun 10 01:35:13 2014,evanmemory (...),食物,鈞媽御食堂,桃園八德,0,http://www.ptt.cc/bbs/BuyTogether/M.1402335318.A.A3D.html,http://shop.chinbp.tw/phpshop_e/shop.php?mode=intpoint2&pagename=%BC%F6%AA%F9%B0%D3%AB~
Tue Jun 10 00:51:05 2014,sphinxzxc (加奈),衣飾,回購半截有bra的小可愛,直寄/EZ,4,http://www.ptt.cc/bbs/BuyTogether/M.1402332668.A.652.html,"https://docs.google.com/forms/d/1ViAh3oQtk5ekx9EzLSdVeke3SwprF2W64mveHbN6vKE/viewform?usp=send_form,http://detail.1688.com/offer/1023857651.html,http://detail.1688.com/offer/1171242703.html,http://detail.1688.com/offer/37132042453.html"
Tue Jun 10 01:39:22 2014,hopeblue (叫你阿嬤來囉~~~~),,,,0,http://www.ptt.cc/bbs/BuyTogether/M.1402335569.A.F2D.html,https://tw.user.bid.yahoo.com/tw/user/Y8968968697
Tue Jun 10 01:35:55 2014,tingyu0512 (潔咪),綜合,香草森林奇異果美白乳液,三重/新莊,0,http://www.ptt.cc/bbs/BuyTogether/M.1402335358.A.ACD.html,http://goods.ruten.com.tw/item/qa?21209154325868#qna
Tue Jun 10 01:16:44 2014,pipuukimo (水凝月),綜合,LUSH洗髮餅,板橋府中,0,http://www.ptt.cc/bbs/BuyTogether/M.1402334209.A.452.html,https://tw.buy.yahoo.com/gdsale/gdqta.asp?gdid=5153499
Tue Jun 10 01:47:07 2014,Queenpee (幸福原來那麼近 屁屁),黑人,跟團者:kder0602,直寄(5/20),0,http://www.ptt.cc/bbs/BuyTogether/M.1402336029.A.796.html,
Tue Jun 10 00:52:44 2014,snoweva (靜),綜合,伯利恆天絲雙人/加大40支,直寄,1,http://www.ptt.cc/bbs/BuyTogether/M.1402332767.A.B1F.html,"http://item.taobao.com/item.htm?id=37980514503,https://docs.google.com/forms/d/1HPNC2SbfAkjKXVMYszvgG5Uog_4cJPM10WntOewpoao/viewform?usp=send_form"
Tue Jun 10 01:05:09 2014,harthord2003 (魚),衣飾,雪紡防走光打底褲,迷你袋/EZ(u大),0,http://www.ptt.cc/bbs/BuyTogether/M.1402333511.A.921.html,http://item.taobao.com/item.htm?id=38728525498
Tue Jun 10 00:56:27 2014,rainwood2 (不願放棄那點執著),衣飾,回購好難遇西裝外套,台北多處,40,http://www.ptt.cc/bbs/BuyTogether/M.1402332991.A.A5A.html,"http://ppt.cc/a0or,http://www.ptt.cc/bbs/BuyTogether/M.1402308849.A.E87.html,https://docs.google.com/forms/d/131CJP4_ux4eN8ufr02YOXv7XC-4cALcRKD8Z4E9L5II/viewform,http://item.taobao.com/item.htm?id=15517842807"
Tue Jun 10 01:17:50 2014,n761103 (巧克力),,,,1,http://www.ptt.cc/bbs/BuyTogether/M.1402334273.A.AC9.html,"https://docs.google.com/forms/d/1ZEZav8sQvQCJqNuXYKNWdtgeI26ovGPn_BaY3PAKYuo/viewform?usp=send_form,https://tw.user.bid.yahoo.com/tw/user/Y7138059769&u=:Y7138059769&tp="
Mon Jun  9 23:46:30 2014,doris0123 (＊想愛＊),食物,東爵紅茶(MOS),台中/中興/大雅,0,http://www.ptt.cc/bbs/BuyTogether/M.1402328792.A.FAE.html,"http://ppt.cc/。,http://goods.ruten.com.tw/item/show?11090703368122"
Mon Jun  9 23:51:07 2014,alldayla (Jill),,,,0,http://www.ptt.cc/bbs/BuyTogether/M.1402329069.A.740.html,http://www.momoshop.com.tw/goods/GoodsDetail.jsp?i_code=2626924&mdiv=411412
Tue Jun 10 00:05:46 2014,sonmoonstar (不可思議),衣飾,再回購裸色家雪紡長裙洋裝,中國醫/中友,49,http://www.ptt.cc/bbs/BuyTogether/M.1402329948.A.2C9.html,"http://item.taobao.com/item.htm?spm=a1z10.3.w4002-4666151187.85.jD4Uzp&id=37886020294,https://docs.google.com/forms/d/1qK1VZyhwMIAb0NfmRZHwlFfWakz8RFWekQA2ctUS0kA/viewform?usp=send_form,http://item.taobao.com/item.htm?spm=937.1000770.1000419.1.F9E443&id=16259772152&asker=wangwang&wwdialog=bbxxbbmc&ad_id=&am_id=&cm_id=&pm_id=,http://www.ptt.cc/bbs/BuyTogether/M.1402295792.A.A8C.html"
Tue Jun 10 00:45:53 2014,mine027204 (能年玲奈最高),無主,台灣uniqlo滿1500免運,台南/安南區/史博館,0,http://www.ptt.cc/bbs/BuyTogether/M.1402332359.A.AA5.html,http://www.uniqlo.com/tw/
Mon Jun  9 23:56:33 2014,cathyz0z (小y),綜合,合購Dr.Douxi朵璽金盞花璀璨花瓣膜,EZ,0,http://www.ptt.cc/bbs/BuyTogether/M.1402329398.A.0FC.html,"https://tw.fashion.yahoo.com/blogs/blogger/%E4%BF%9D%E9%A4%8A-%E6%AC%A1%E7%B5%A6-%E5%85%A9%E6%AC%BEdr-douxi%E5%87%8D%E8%86%9C-%E8%8A%B1%E7%93%A3%E7%9A%84%E5%87%8D%E8%86%9C-%E5%88%9D%E9%AB%94%E9%A9%97-040000500.html,http://goris.pixnet.net/blog/post/37922566-dr.douxi%E4%B8%89%E5%87%8D%E8%86%9C%E7%B5%82%E6%96%BC%E6%B9%8A%E9%BD%8A!!(%E9%BB%91%E6%99%B6%E9%9D%88-%E9%87%91%E7%9B%9E%E8%8A%B1-%E9%9B%AA%E6%99%B6,https://www.facebook.com/Dr.Douxi/photos,https://tw.buy.yahoo.com/gdsale/Dr-Douxi%E6%9C%B5%E7%92%BD-%E8%8A%B1%E6%99%B6%E9%9D%88%E9%87%91%E7%9B%9E%E8%8A%B1%E7%92%80%E7%92%A8%E8%8A%B1%E7%93%A3%E8%86%9C250ml-4801548.html,https://docs.google.com/forms/d/1dRcZFWMvuB1EzAQ_qbr_LkTteWlmPilWxIZVb_z4_1c/viewform?usp=send_form,http://ppt.cc/CI-8"
Tue Jun 10 00:08:35 2014,dog623623 (狗兒汪汪),綜合,綠光森林手工皂,EZ/泰山,13,http://www.ptt.cc/bbs/BuyTogether/M.1402330120.A.0D4.html,"https://docs.google.com/forms/d/1-e7j9ef3oKzv3baLX8LX3ZYl9DcMZ961QGL3FIq6xN4/viewform,https://www.facebook.com/lavertesoap.tw?ref=stream,https://docs.google.com/file/d/0B74BX9qLuCPeN1lidXAwbFJGcDQ/edit?usp=sharing"
Tue Jun 10 00:43:42 2014,fedo1044 (期待),綜合,LUSH洗髮餅,捷運忠孝復興/中山國中/EZ,0,http://www.ptt.cc/bbs/BuyTogether/M.1402332224.A.868.html,https://tw.buy.yahoo.com/gdsale/gdqta.asp?gdid=5153499&act=futurebest2
Tue Jun 10 00:17:10 2014,cobex (cobe),無主,糖果色綁帶襯衫,直寄,31,http://www.ptt.cc/bbs/BuyTogether/M.1402330635.A.DEE.html,"http://item.taobao.com/item.htm?id=37709520324,http://item.taobao.com/item.htm?id=38272334747,http://item.taobao.com/item.htm?id=20834631699,http://www.ptt.cc/bbs/BuyTogether/M.1401905304.A.06B.html"
Tue Jun 10 00:00:08 2014,sharon771107 (我是章魚妹),綜合,lush洗髮餅,高雄/鳳山/澄清湖,1,http://www.ptt.cc/bbs/BuyTogether/M.1402329612.A.928.html,https://tw.buy.yahoo.com/gdsale/gdqta.asp?gdid=5153499&hpp=hero_big01
Tue Jun 10 00:24:44 2014,wridjangel (雨魚≧﹏≦),衣飾,雪紡防走光打底褲,新竹/交大/郵寄,0,http://www.ptt.cc/bbs/BuyTogether/M.1402331087.A.E35.html,http://item.taobao.com/item.htm?id=38728525498
Tue Jun 10 00:29:03 2014,twinspenny (Penny:D),綜合,LUSH洗髮餅,中山國小/民權西/蘆洲,1,http://www.ptt.cc/bbs/BuyTogether/M.1402331346.A.96F.html,https://tw.buy.yahoo.com/gdsale/gdqta.asp?gdid=5153499
Tue Jun 10 00:28:16 2014,singim (gim),綜合,CAN+ Fairy 四纖籽,公館/萬隆,0,http://www.ptt.cc/bbs/BuyTogether/M.1402331299.A.773.html,http://group.i-fit.com.tw/content.php?p_id=892
Mon Jun  9 23:46:44 2014,ce310candy (宥人迷宮),綜合,HBS洗臉機(跟k大),台中火車站/一中,0,http://www.ptt.cc/bbs/BuyTogether/M.1402328806.A.01D.html,"http://item.taobao.com/item.htm?spm=a1z10.1.0.0.joCF8J&id=37082534125,http://item.taobao.com/item.htm?spm=a1z09.2.9.25.FvA7Fn&id=37151713352"
Tue Jun 10 00:31:55 2014,erica0128 (Erica),,,,0,http://www.ptt.cc/bbs/BuyTogether/M.1402331517.A.A9C.html,"http://item.taobao.com/item.htm?id=38728525498,https://docs.google.com/forms/d/19b_s_iZ5anOJgRaaT5_H2p5aCCPxtc4g_aEnrG6Y9bo/viewform?usp=send_form"
Tue Jun 10 00:05:35 2014,cool1978 (CoolCool),衣飾,雪紡防走光打底褲,台中西區/郵寄團,8,http://www.ptt.cc/bbs/BuyTogether/M.1402329937.A.164.html,"https://docs.google.com/forms/d/1WOw_lVe3d3j9MK9zmPCM7QCNNaraZmeTxytYA3ZoI74/viewform,http://www.ptt.cc/bbs/BuyTogether/M.1402324134.A.DC9.html"
Mon Jun  9 23:43:33 2014,arabprincess (雀斑走開),綜合,LUSH洗髮餅235元,桃園/輔大/ez/郵寄,3,http://www.ptt.cc/bbs/BuyTogether/M.1402328616.A.01D.html,https://tw.buy.yahoo.com/gdsale/gdqta.asp?gdid=5153499&act=futurebest2
Mon Jun  9 23:57:17 2014,pooh0108 (喵喵仔),衣飾,ES生火顯瘦不透白褲,直寄,26,http://www.ptt.cc/bbs/BuyTogether/M.1402329439.A.224.html,"http://www.ptt.cc/bbs/BuyTogether/M.1402235598.A.8EB.html,https://docs.google.com/a/cmu.edu.tw/forms/d/1n7rAs-qUa39es6XLsNkewiLcbIYUrUIXvS8yVCkJxG8/viewform,http://item.taobao.com/item.htm?id=37020783458"
Tue Jun 10 00:40:15 2014,lovecatcat (愛喵~~衝吧 ~~),綜合,藍鷹牌N95級拋棄式口罩,板橋(v大),25,http://www.ptt.cc/bbs/BuyTogether/M.1402332020.A.62C.html,"http://www.ptt.cc/bbs/BuyTogether/M.1402297863.A.BE8.html,https://tw.page.bid.yahoo.com/tw/auction/b102527334?u=Y9278792926&actsrch=srp3,https://docs.google.com/spreadsheet/viewform?formkey=dDN1VzQxQnNxYzVDWmhKdTVIZmIwRkE6MA,https://login.yahoo.com/config/login?.pd=c%3D3Chd7Yq72e502eh4R99sgUvi5Q--&.src=auc&.intl=tw&.lg=tw&.intl=tw&.pd=c%3D3Chd7Yq72e502eh4R99sgUvi5Q--&.src=auc&.last=https:%2f%2ftw.user.bid.yahoo.com/tw%2fshow%2fsignup&.done=http:%2f%2ftw.page.bid.yahoo.com%2Ftw%2Fauction%2Fd95361041%3FaID%3Dd95361041%26u%3DY9278792926%26actsrch%3Dsrp3&.r=1080877004,https://tw.page.bid.yahoo.com/tw/auction/c98663528?u=Y9278792926&actsrch=srp3"
Tue Jun 10 00:14:28 2014,cobex (cobe),無主,STARMIMI同款雙層雪紡背心,直寄,10,http://www.ptt.cc/bbs/BuyTogether/M.1402330470.A.AC3.html,"http://item.taobao.com/item.htm?id=39088309573,https://tw.mall.yahoo.com/item/p051852100326"
Tue Jun 10 00:34:46 2014,cmoeoo (原來這就是愛),,,,0,http://www.ptt.cc/bbs/BuyTogether/M.1402331689.A.55A.html,"http://cvs.map.com.tw/default.asp?cvsname=www.ezship.com.tw&cvstemp=homepage,http://ec.ibrain.com.tw/Publish/www/layer.asp?bkid_1=114&KindID3=165&KindID4=&Page=1"
Mon Jun  9 23:39:29 2014,siranui (雅紀.com),綜合,HBS洗臉機(跟kiss大),林口長庚,0,http://www.ptt.cc/bbs/BuyTogether/M.1402328371.A.204.html,"http://item.taobao.com/item.htm?spm=a1z10.1.0.0.joCF8J&id=37082534125,http://item.taobao.com/item.htm?spm=a1z09.2.9.25.FvA7Fn&id=37151713352"
Mon Jun  9 23:14:53 2014,mit199076 (QQ),衣飾,雪紡防走光打底褲,台大/郵寄,17,http://www.ptt.cc/bbs/BuyTogether/M.1402326896.A.4F7.html,"http://item.taobao.com/item.htm?id=38728525498,http://www.ptt.cc/bbs/BuyTogether/M.1402324134.A.DC9.html"
Mon Jun  9 23:12:52 2014,enyleve (soleil),衣飾,雪紡防走光打底褲,政大,19,http://www.ptt.cc/bbs/BuyTogether/M.1402326775.A.B25.html,"http://item.taobao.com/item.htm?id=38728525498,https://docs.google.com/forms/d/19b_s_iZ5anOJgRaaT5_H2p5aCCPxtc4g_aEnrG6Y9bo/viewform?usp=send_form,http://www.ptt.cc/bbs/BuyTogether/M.1402324134.A.DC9.html"
Mon Jun  9 23:18:58 2014,jaan (我們都要過得好),無主,中長版糖果色修身西外,直寄,5,http://www.ptt.cc/bbs/BuyTogether/M.1402327142.A.EAB.html,http://item.taobao.com/item.htm?id=21544375904
Mon Jun  9 23:23:51 2014,bettina2 (愛吃草莓的小笨貓),綜合,LUSH洗髮餅235元,新竹/ez/交貨便,1,http://www.ptt.cc/bbs/BuyTogether/M.1402327433.A.1E7.html,https://tw.buy.yahoo.com/gdsale/gdqta.asp?gdid=5153499&act=futurebest2
Mon Jun  9 23:32:01 2014,LadyL (Oh!MySweetSweetLove!),衣飾,雪紡防走光打底褲(u大),松山商職,0,http://www.ptt.cc/bbs/BuyTogether/M.1402327925.A.4AF.html,http://item.taobao.com/item.htm?id=38728525498
,,,,,0,http://www.ptt.cc/bbs/BuyTogether/M.1402327315.A.69F.html,https://tw.buy.yahoo.com/gdsale/gdqta.asp?gdid=5153499&act=futurebest2
Mon Jun  9 23:17:51 2014,happyc (凝沐兒),衣飾,雪紡防走光打底褲,芝山,19,http://www.ptt.cc/bbs/BuyTogether/M.1402327074.A.DD5.html,"http://item.taobao.com/item.htm?id=38728525498,https://docs.google.com/forms/d/19b_s_iZ5anOJgRaaT5_H2p5aCCPxtc4g_aEnrG6Y9bo/viewform?usp=send_form,http://www.ptt.cc/bbs/BuyTogether/M.1402324134.A.DC9.html"
Mon Jun  9 23:06:30 2014,alva0313 (小俐),票券,美麗華電影團體票,士林/市政府/蘆洲,0,http://www.ptt.cc/bbs/BuyTogether/M.1402326393.A.44E.html,"http://ppt.cc/2~wo，,http://www.miramarcinemas.com.tw/groupbooking_0.asp"
Mon Jun  9 23:09:44 2014,midori8310 (偽善者。),衣飾,雪紡防走光打底褲,中壢,1,http://www.ptt.cc/bbs/BuyTogether/M.1402326587.A.187.html,http://item.taobao.com/item.htm?id=38728525498
Mon Jun  9 23:11:40 2014,gail31543 (),食物,看海長大的芒果,景安(a大),0,http://www.ptt.cc/bbs/BuyTogether/M.1402326703.A.809.html,"https://www.facebook.com/mango944?fref=ts,http://goods.ruten.com.tw/item/show?21305264274848"
Mon Jun  9 23:07:55 2014,kilala3322 (kiki),衣飾,炎炎夏日想穿修身亞麻小西外,直寄/郵寄,41,http://www.ptt.cc/bbs/BuyTogether/M.1402326478.A.0B4.html,"http://www.ptt.cc/bbs/BuyTogether/M.1402245756.A.AD6.html,https://docs.google.com/forms/d/1LpALUGlFnq3mLVRrQ8MtrzhkBMhAKIocfbmpeT0soZI/viewform?usp=send_form,http://item.taobao.com/item.htm?id=38319747549"
Mon Jun  9 23:06:11 2014,andil43 (京),無主,歌德蘿莉復古蕾絲襯衫,EZ/板橋車站,9,http://www.ptt.cc/bbs/BuyTogether/M.1402326374.A.DE3.html,"http://www.ptt.cc/bbs/BuyTogether/M.1402231200.A.F60.html,http://item.taobao.com/item.htm?spm=a1z0k.6846101.1130973605.d4915205.qbejXK&id=12350727530&_u=81umr0d2cb53"
Mon Jun  9 23:32:09 2014,bonjour41015 (Bonjour:)),綜合,淘寶快樂檸檬文具,EZ,2,http://www.ptt.cc/bbs/BuyTogether/M.1402327932.A.110.html,"http://happylemon84.taobao.com/,http://www.ptt.cc/bbs/BuyTogether/M.1241790589.A.08B.html,https://docs.google.com/forms/d/1jW81NL417BS77XWPowS-myQaOrTZuftONtRF0i7moSA/viewform"
Mon Jun  9 23:10:34 2014,hsya (熱帶海洋),綜合,Lush洗髮餅,嘉義/便利袋,2,http://www.ptt.cc/bbs/BuyTogether/M.1402326637.A.585.html,https://tw.buy.yahoo.com/gdsale/gdqta.asp?gdid=5153499&act=futurebest2
Mon Jun  9 23:08:53 2014,sophia0309 (Sophia),衣飾,CP值爆表的便宜牛皮軍靴,直寄,43,http://www.ptt.cc/bbs/BuyTogether/M.1402326536.A.5F4.html,"http://item.taobao.com/item.htm?id=7899611139,https://docs.google.com/forms/d/1bqr4awrfHpivPfH1cbYecIUYNGOEFdyry3DEO9FoZww/viewform"
Mon Jun  9 23:29:48 2014,londoneye (ppr. ),無主,裸色家雪紡長裙,直寄,93,http://www.ptt.cc/bbs/BuyTogether/M.1402327791.A.6DF.html,"http://www.ptt.cc/bbs/BuyTogether/M.1401808357.A.D8E.html,http://item.taobao.com/item.htm?spm=2013.1.w6637398-4666108396.6.4VozAq&id=37490977841,http://www.ptt.cc/bbs/BuyTogether/M.1402241459.A.7E2.html,http://www.ptt.cc/bbs/BuyTogether/M.1401697597.A.F27.html,http://item.taobao.com/item.htm?spm=937.1000770.1000419.1.F9E443&id=16259772152&asker=wangwang&wwdialog=bbxxbbmc&ad_id=&am_id=&cm_id=&pm_id=,http://item.taobao.com/item.htm?spm=2013.1.0.0.ZsDqDu&id=14005609171&scene=taobao_shop,http://item.taobao.com/item.htm?spm=2013.1.w6637398-4666108396.5.cucjM7&id=37519107048,http://item.taobao.com/item.htm?spm=2013.1.0.0.ZsDqDu&id=15581023314&scene=taobao_shop,http://item.taobao.com/item.htm?spm=2013.1.0.0.ZsDqDu&id=25430488702,http://item.taobao.com/item.htm?id=25809644083"
Mon Jun  9 23:37:47 2014,g40400 (板烤冰淇淋),無主,鷹眼X2 18650強光手電筒,台北,0,http://www.ptt.cc/bbs/BuyTogether/M.1402328271.A.60C.html,http://item.taobao.com/item.htm?spm=a230r.1.14.1.eYsZLz&id=17817141984&ns=1#detail
Mon Jun  9 23:04:36 2014,wosn (wosn),食物,看海長大的芒果,南新莊,0,http://www.ptt.cc/bbs/BuyTogether/M.1402326279.A.BCA.html,"https://www.facebook.com/mango944?fref=ts,http://goods.ruten.com.tw/item/show?21305264274848"
Mon Jun  9 23:26:19 2014,d8888872002 (d8888872002),,,,36,http://www.ptt.cc/bbs/BuyTogether/M.1402327582.A.DFF.html,"http://www.ptt.cc/bbs/BuyTogether/M.1402316647.A.4EF.html,https://docs.google.com/forms/d/118Tt80DgqOayoDzkmqsd1IkbOY9W_S_jPYdK5BPr0sA/viewform?usp=send_form,http://detail.1688.com/offer/35290528974.html"
Mon Jun  9 23:01:26 2014,dalaF (欸負),衣飾,雪紡防走光打底褲,歸仁/鹽埕,10,http://www.ptt.cc/bbs/BuyTogether/M.1402326089.A.42A.html,"http://item.taobao.com/item.htm?id=38728525498,https://docs.google.com/forms/d/19b_s_iZ5anOJgRaaT5_H2p5aCCPxtc4g_aEnrG6Y9bo/viewform?usp=send_form,http://www.ptt.cc/bbs/BuyTogether/M.1402324134.A.DC9.html"
Mon Jun  9 22:44:41 2014,behappytous (UNKNOWNSKY),食物,看海長大的芒果(a大),板橋/長庚,1,http://www.ptt.cc/bbs/BuyTogether/M.1402325084.A.19E.html,"http://www.ptt.cc/bbs/BuyTogether/M.1402322275.A.4A6.html,https://www.facebook.com/mango944?fref=ts,http://goods.ruten.com.tw/item/show?21305264274848"
Mon Jun  9 22:45:49 2014,lovesigh (Miss bloom),無主,夏季韓版運動連身套裝,直寄,19,http://www.ptt.cc/bbs/BuyTogether/M.1402325153.A.2CB.html,"https://www.youtube.com/watch?v=yMqL1iWfku4&feature=kp,http://item.taobao.com/item.htm?spm=a230r.1.14.165.kNbhEQ&id=20154790350&ns=1#detail,http://item.taobao.com/item.htm?spm=a230r.1.0.0.rNMfH8&id=36983693308&ns=1&on_comment=1,http://ppt.cc/0DBR"
Mon Jun  9 22:31:43 2014,shenwan218 (茶碗蒸),無主,伯利恆天絲40支(雙人/加大),直寄,8,http://www.ptt.cc/bbs/BuyTogether/M.1402324306.A.988.html,http://item.taobao.com/item.htm?spm=a1z10.1.w6620233-4667606915.1.PIJXcR&id=37980514503
Mon Jun  9 22:04:28 2014,ann51069 (我是安),無主,便宜真皮小白鞋,直寄,97,http://www.ptt.cc/bbs/BuyTogether/M.1402322672.A.F79.html,"http://item.taobao.com/item.htm?&id=16296505398,http://www.ptt.cc/bbs/BuyTogether/M.1402206676.A.AD4.html"
Mon Jun  9 22:37:46 2014,kiddings (只想要平靜),,,,0,http://www.ptt.cc/bbs/BuyTogether/M.1402324669.A.91E.html,http://shopping.udn.com/mall/cus/cat/Cc1c02.do?dc_cargxuid_0=U004473058&dc_cateid_0=L_008_016_020&kdid=D02
Mon Jun  9 22:31:29 2014,bettina2 (愛吃草莓的小笨貓),綜合,Orbis 8折團(免雜),新竹/EZ,0,http://www.ptt.cc/bbs/BuyTogether/M.1402324292.A.7FB.html,"http://www.orbis.com.tw/infor/month.php,http://www.orbis.com.tw/"
Mon Jun  9 22:27:56 2014,childMei (長頸鹿不吃草),綜合,Mayumi日貨合寄,中永和,0,http://www.ptt.cc/bbs/BuyTogether/M.1402324079.A.BD7.html,https://docs.google.com/spreadsheet/pub?hl=zh&hl=zh&key=0An9oVZ3v6tCGdGhiMkc0NjNiYXhQVHE4ZkVlSUJsalE&output=html
Mon Jun  9 22:30:42 2014,du80082 (芳芳兒),綜合,盒裝三層式防塵口罩,中國醫/EZ,0,http://www.ptt.cc/bbs/BuyTogether/M.1402324245.A.623.html,"http://www.ptt.cc/bbs/BuyTogether/M.1402223757.A.57B.html,http://www.ptt.cc/bbs/BuyTogether/M.1241790589.A.08B.html,http://goods.ruten.com.tw/item/qa?21309014358994#qna"
,"LONERSAVE (36.224.65.237), 06/09/2014 23:22:08",,,,0,http://www.ptt.cc/bbs/BuyTogether/M.1402324575.A.476.html,
Mon Jun  9 23:00:22 2014,acuteg (COLA),食物,台灣香檬原汁,新竹/清屈/錢櫃,0,http://www.ptt.cc/bbs/BuyTogether/M.1402326026.A.CFA.html,http://sikuwasa.healthknowhow.net/
Mon Jun  9 22:40:05 2014,teresa20133 (Zoe),無主,淘寶文藝範帆布包,直寄,230,http://www.ptt.cc/bbs/BuyTogether/M.1402324809.A.267.html,"http://takezakka.taobao.com/search.htm?spm=2013.1.0.0.PVc16k&search=y&orderType=hotsell_desc,http://xiaokaixiaohui.taobao.com/search.htm?spm=a1z10.3.w4010-1848604125.3.K1xi5D&search=y&orderType=hotsell_desc,http://momo1012.taobao.com/search.htm?spm=2013.1.w4010-5535332979.3.XyMBAm&search=y&orderType=hotsell_desc,http://www.ptt.cc/bbs/BuyTogether/M.1399129772.A.83A.html,http://noyouth.taobao.com/search.htm?spm=2013.1.w4010-2142826670.3.yf8dRr&search=y&orderType=hotsell_desc,http://www.ptt.cc/bbs/BuyTogether/M.1402153300.A.2BA.html"
Mon Jun  9 22:01:21 2014,djpro (wei wei),無主,淘寶蕾絲雨鞋貼鑽款,直寄,13,http://www.ptt.cc/bbs/BuyTogether/M.1402322487.A.49D.html,http://item.taobao.com/item.htm?spm=2013.1.0.0.PIKvFz&id=38889415172&f_id=38695900299&f_type=c&m_id=103002
Mon Jun  9 22:52:55 2014,phyllis0711 (phyllis),食物,C版友家葡萄,高雄自立路,0,http://www.ptt.cc/bbs/BuyTogether/M.1402325578.A.8FE.html,https://www.facebook.com/HFgrapeswithyou
Mon Jun  9 22:56:41 2014,kissygogo (不接受改單了~~),綜合,HBS洗臉機,直寄/鳳山火,44,http://www.ptt.cc/bbs/BuyTogether/M.1402325808.A.27E.html,"https://docs.google.com/forms/d/1Y2AzSEVcgFsnPZn5VzS0QuhcZ-nybs1qRqgh-hTYu4w/viewform,http://item.taobao.com/item.htm?spm=a1z10.1.0.0.joCF8J&id=37082534125,http://item.taobao.com/item.htm?spm=a1z09.2.9.25.FvA7Fn&id=37151713352,http://ppt.cc/N5s8"
Mon Jun  9 23:02:17 2014,maxinequeen (愛自己),寵物,鵬宗小舖貓抓板,木柵/政大,0,http://www.ptt.cc/bbs/BuyTogether/M.1402326139.A.B53.html,http://goods.ruten.com.tw/item/show?21101158934746
Mon Jun  9 22:52:40 2014,pretty1421 (Quercia),票券,威秀電影團票,新店/郵寄,0,http://www.ptt.cc/bbs/BuyTogether/M.1402325564.A.F8B.html,http://www.vscinemas.com.tw/index.aspx?pg=discount
Mon Jun  9 22:34:53 2014,bee21 (Bee),綜合,Gmarket ver.22黑盒+粉芯,1號便利包,17,http://www.ptt.cc/bbs/BuyTogether/M.1402324498.A.F5C.html,"http://www.ptt.cc/bbs/BuyTogether/M.1241790589.A.08B.html,https://docs.google.com/forms/d/1TyNhICvQQKBDCgEMw3KRO9amJF1QAL6uMyOeTUV3WBg/viewform?usp=send_form,http://item2.gmarket.co.kr/English/detailview/item.aspx?goodscode=384556278"
Mon Jun  9 22:39:55 2014,lovesigh (Miss bloom),無主,貓咪類似款簍空尖頭涼鞋,直寄,7,http://www.ptt.cc/bbs/BuyTogether/M.1402324799.A.7E6.html,"http://item.taobao.com/item.htm?id=37721493882,http://item.taobao.com/item.htm?id=37718910545,http://item.taobao.com/item.htm?id=18736577730,http://www.ptt.cc/bbs/BuyTogether/M.1400072375.A.F5E.html,http://www.stylemooncat.com.tw/PDContent.asp?yano=18126"
Mon Jun  9 22:28:50 2014,unben8230u (Ricci),衣飾,雪紡防走光打底褲,直寄/EZ,70,http://www.ptt.cc/bbs/BuyTogether/M.1402324134.A.DC9.html,"http://item.taobao.com/item.htm?id=38728525498,https://docs.google.com/forms/d/19b_s_iZ5anOJgRaaT5_H2p5aCCPxtc4g_aEnrG6Y9bo/viewform?usp=send_form"
Mon Jun  9 21:44:03 2014,miamia520520 (伊伊),無主,方便可愛簡約斜跨手機小包,ez/直寄,13,http://www.ptt.cc/bbs/BuyTogether/M.1402321445.A.37A.html,http://h5.m.taobao.com/awp/core/detail.htm?id=37865505468&ut_sk=1.UtGQe75Z/F4DAGTkN69pbz3p_21380790_1402301392.Copy.ShareSceneItemDetail&id=37865505468
Mon Jun  9 21:14:50 2014,tw00484005 (laugh),綜合,ORBIS八折團,大坪林/中正紀念堂/面交,0,http://www.ptt.cc/bbs/BuyTogether/M.1402319692.A.31E.html,http://www.orbis.com.tw/
Mon Jun  9 21:36:22 2014,betty121030 (小熊餅乾),綜合,好便宜蕾絲雨鞋,景美/考試院,96,http://www.ptt.cc/bbs/BuyTogether/M.1402320984.A.E97.html,"http://item.taobao.com/item.htm?id=38695900299,http://www.ptt.cc/bbs/BuyTogether/M.1402300073.A.7CB.html,https://docs.google.com/forms/d/1CjZyPQtLeiup5buTHqLq_WojYZsPtTp73Vrwp5EYnEM/viewform"
Mon Jun  9 21:42:55 2014,bbbobobbobo (口畢口皮),無主,蕾絲防滑加墊隱形襪有大碼,直寄/輕鬆袋,67,http://www.ptt.cc/bbs/BuyTogether/M.1402321378.A.992.html,"http://item.taobao.com/item.htm?id=21189243215,http://item.taobao.com/item.htm?spm=2013.1.0.0.2hQmQm&scm=1007.10009.518.0&id=21189243215&pvid=75842655-1c6e-4962-8948-161458eef57f,http://www.ptt.cc/bbs/BuyTogether/M.1402072980.A.345.html,http://item.taobao.com/item.htm?&id=14822702087,http://item.taobao.com/item.htm?spm=2013.1.0.0.ZXaorw&id=18556040843"
Mon Jun  9 21:27:36 2014,candyo1013 (我最愛Q比),衣飾,正韓貨Bff80s免運團,萬華/師大,0,http://www.ptt.cc/bbs/BuyTogether/M.1402320458.A.354.html,"https://tw.user.bid.yahoo.com/tw/booth/Y7086728873,http://www.ptt.cc/bbs/BuyTogether/M.1402228667.A.520.html,http://www.ptt.cc/bbs/BuyTogether/M.1402055854.A.E7E.html"
Mon Jun  9 21:25:35 2014,mayday0413 (CheaU),綜合,好便宜蕾絲雨鞋,石牌(跟l大團),1,http://www.ptt.cc/bbs/BuyTogether/M.1402320337.A.6F2.html,"http://item.taobao.com/item.htm?id=38695900299,https://docs.google.com/forms/d/1CjZyPQtLeiup5buTHqLq_WojYZsPtTp73Vrwp5EYnEM/viewform"
Mon Jun  9 21:27:27 2014,candyo1013 (我最愛Q比),衣飾,正韓貨ELOVEKR免運團,萬華/師大,0,http://www.ptt.cc/bbs/BuyTogether/M.1402320449.A.15A.html,"http://www.ptt.cc/bbs/BuyTogether/M.1402054976.A.D05.html,http://www.ptt.cc/bbs/BuyTogether/M.1402228676.A.B2C.html,https://tw.user.bid.yahoo.com/tw/booth/Y1816031322,http://www.ptt.cc/bbs/BuyTogether/M.1401723344.A.4D1.html"
Mon Jun  9 21:13:56 2014,Android2 (Froyo),綜合,雨傘王滿萬八折,板橋捷運站/市政府捷運站,1,http://www.ptt.cc/bbs/BuyTogether/M.1402319639.A.524.html,"http://www.umbrellaking.tw/,https://docs.google.com/forms/d/1ulJgRZPnywWmfr9hZ8S1pIFAarZ_gCewDX2otayCBvs/viewform,https://docs.google.com/spreadsheet/pub?key=0AjI2A0h-DsBrdFM1WjcxOW5mWm9CUUYzQWwweWp4Q3c&single=true&gid=1&output=html"
Mon Jun  9 21:54:58 2014,leelinda321 (miss.Independent),無主,洋裝必備粗跟牛津鞋多款,直寄/公館,57,http://www.ptt.cc/bbs/BuyTogether/M.1402322103.A.BC4.html,"http://tb.cn/u3SRhZy,http://item.taobao.com/item.htm?ut_sk=1.U3%2BkIUUuP14DALrsvgJAP3Iv_21380790_1402666084.Copy.ShareSceneItemDetail&id=21445947930,http://ppt.cc/WEvR和http://ppt.cc/BYf6,http://item.taobao.com/item.htm?ut_sk=1.U3%2BkIUUuP14DALrsvgJAP3Iv_21380790_1402666435.Copy.ShareSceneItemDetail&id=37696639662"
Mon Jun  9 21:23:42 2014,sswingss (小志想要當韓妞),綜合,運動手機臂套,EZ/直寄,51,http://www.ptt.cc/bbs/BuyTogether/M.1402320225.A.CD2.html,"http://item.taobao.com/item.htm?id=35081875588,https://docs.google.com/forms/d/1WH6Q0biaHUyrHZa1Ax7_RtS8KhBzRjWofgA20r39cz8/viewform,http://www.ptt.cc/bbs/BuyTogether/M.1241790589.A.08B.html"
Mon Jun  9 21:30:17 2014,plnceto (花花花花花花),衣飾,萊卡吸濕排汗內褲排汗衣,ezship,19,http://www.ptt.cc/bbs/BuyTogether/M.1402320620.A.401.html,"http://goods.ruten.com.tw/item/show?21007069527841,https://docs.google.com/forms/d/1yfgWLMPo03XN6kD5-os1VliDlRk0rCzCXcihxBGmpjQ/viewform,http://goods.ruten.com.tw/item/show?21210091173737,http://goo.gl/YWBJy）,http://goods.ruten.com.tw/item/show?21110189840982"
Mon Jun  9 21:56:53 2014,everyna (羊毛),無主,男女款運動彈力緊身打底褲,直寄,110,http://www.ptt.cc/bbs/BuyTogether/M.1402322216.A.3BC.html,"http://item.taobao.com/item.htm?spm=2013.1.0.0.3w9Uut&scm=1007.10011.531.0&id=13519521264&pvid=d586df0e-fcb6-4ec6-8dba-f1fc86620158,http://h5.m.taobao.com/awp/core/detail.htm?spm=0.0.0.0&id=3285312729,http://item.taobao.com/item.htm?id=37735521028,http://item.taobao.com/item.htm?id=37740917108"
Mon Jun  9 21:27:45 2014,candyo1013 (我最愛Q比),衣飾,正韓貨可樂果免運團,萬華/師大,0,http://www.ptt.cc/bbs/BuyTogether/M.1402320467.A.CBE.html,"http://www.ptt.cc/bbs/BuyTogether/M.1402228655.A.392.html,http://www.ptt.cc/bbs/BuyTogether/M.1402061446.A.630.html,https://tw.user.bid.yahoo.com/tw/booth/Y2258011811"
Mon Jun  9 21:23:31 2014,ankey614158 (Ankey),衣飾,衣櫃總要有一套的正式西裝和襯衫,台北/郵寄/EZ,3,http://www.ptt.cc/bbs/BuyTogether/M.1402320213.A.57D.html,"http://ptt.3sidea.com/buytogether.php,http://detail.tmall.com/item.htm?id=35424403577&tbpm=3,http://ppt.cc/qRPC,http://ppt.cc/3L4m,http://item.taobao.com/item.htm?id=37869932545"
Mon Jun  9 21:55:58 2014,evviva (),綜合,德國amazon三叉牌Wusthof刀具,台北/郵寄,0,http://www.ptt.cc/bbs/BuyTogether/M.1402322161.A.C66.html,"http://ppt.cc/,http://ppt.cc/UTWz,http://ppt.cc/6GFu,http://www.amazon.de/s/ref=bl_sr_kitchen?ie=UTF8&field-brandtextbin=W%C3%BCsthof&node=3167641,http://ppt.cc/9vl5"
Mon Jun  9 21:57:52 2014,amily0909 (藝芬),食物,看海長大的芒果,忠孝敦化/永寧/直寄,4,http://www.ptt.cc/bbs/BuyTogether/M.1402322275.A.4A6.html,"https://www.facebook.com/mango944?fref=ts,http://goods.ruten.com.tw/item/show?21305264274848"
Mon Jun  9 21:50:16 2014,tieny (我很好),綜合,愛康抗菌衛生棉,後山埤/EZ,0,http://www.ptt.cc/bbs/BuyTogether/M.1402321820.A.1E1.html,http://www.icon99.com.tw/index.php
Mon Jun  9 21:40:14 2014,jenny5mayday (摳我摳我摳我!!),食物,看海長大的芒果乾,高雄/鳳山,0,http://www.ptt.cc/bbs/BuyTogether/M.1402321218.A.C9A.html,"http://www.facebook.com/jenny5mayday,https://www.facebook.com/mango944"
Mon Jun  9 21:51:03 2014,yiruc (愛麗絲是貪吃鬼~),寵物,COSTCO鮭魚甘藷口味狗糧,店到店,0,http://www.ptt.cc/bbs/BuyTogether/M.1402321865.A.46B.html,http://www.naturesdomainpetfood.com/about-natures-domain
Mon Jun  9 21:54:45 2014,marian7934 (M&#39;s),無主,超強防滑無肩帶內衣,直寄/EZ,149,http://www.ptt.cc/bbs/BuyTogether/M.1402322087.A.CA1.html,"http://www.ptt.cc/bbs/BuyTogether/M.1402215662.A.A34.html,http://www.ptt.cc/bbs/BuyTogether/M.1401790634.A.CC8.html,http://detail.tmall.com/item.htm?spm=a1z10.3.w4011-3166310343.169.yUoS8V&id=38341506403&rn=1beecfb68bfd5b3b213b6923e29d22c8&tbpm=3"
Mon Jun  9 20:14:49 2014,mouse1127 (可卡),無主,美味工坊火柴棒餅和小護士布丁,板橋,0,http://www.ptt.cc/bbs/BuyTogether/M.1402316094.A.4F9.html,"http://www.ihergo.com/store/74776,https://www.facebook.com/pages/%E7%B0%A1%E5%96%AE%E7%BE%8E%E5%91%B3%E5%B7%A5%E5%9D%8A%E7%81%AB%E6%9F%B4%E6%A3%92%E9%A4%85/316559885123275?fref=photo"
Mon Jun  9 20:24:05 2014,believeinsky (毛毛),綜合,超舒服三角靠墊,直寄,69,http://www.ptt.cc/bbs/BuyTogether/M.1402316647.A.4EF.html,"https://docs.google.com/forms/d/118Tt80DgqOayoDzkmqsd1IkbOY9W_S_jPYdK5BPr0sA/viewform?usp=send_form,http://detail.1688.com/offer/35290528974.html"
Mon Jun  9 20:30:37 2014,xrosex (xrosex),食物,高麗國泡菜,台中/逢甲,0,http://www.ptt.cc/bbs/BuyTogether/M.1402317041.A.24F.html,https://www.facebook.com/pages/%E9%AB%98%E9%BA%97%E5%9C%8B%E6%B3%A1%E8%8F%9C/204999449531441
Mon Jun  9 20:26:48 2014,syht (Syht),無主,Minnetonka,EZ,35,http://www.ptt.cc/bbs/BuyTogether/M.1402316810.A.C74.html,"http://www.ptt.cc/bbs/BuyTogether/M.1402127145.A.899.html,http://www.moccasinsales.com/,http://www.ptt.cc/bbs/BuyTogether/M.1401974423.A.510.html"
Mon Jun  9 20:09:41 2014,kellyyou (),,,,1,http://www.ptt.cc/bbs/BuyTogether/M.1402315784.A.8A6.html,http://m.1688.com/offer/38822644911.html?mobileProfileLine=0
Mon Jun  9 20:50:25 2014,dayno (zero),綜合,好便宜蕾絲雨鞋,EZ/交貨便(跟l大團),0,http://www.ptt.cc/bbs/BuyTogether/M.1402318227.A.4E0.html,http://item.taobao.com/item.htm?id=38695900299
Mon Jun  9 20:32:13 2014,hihiamy (Amy),無主,iPhone5金屬邊框,直寄/EZ,12,http://www.ptt.cc/bbs/BuyTogether/M.1402317135.A.889.html,http://detail.tmall.com/item.htm?id=25218808315&tbpm=3
Mon Jun  9 20:23:30 2014,ifending (曾LUCKY),衣飾,淘寶無痕無鋼圈運動內衣,直寄/EZ,12,http://www.ptt.cc/bbs/BuyTogether/M.1402316613.A.4DD.html,http://item.taobao.com/item.htm?spm=a1z0d.6639537.1997196601.4.WjHAsy&id=19299856716
Mon Jun  9 20:19:01 2014,ohsweetlove (ohsweetlove),無主,吉品流沙包,台中,0,http://www.ptt.cc/bbs/BuyTogether/M.1402316343.A.D35.html,http://www.pcstore.com.tw/jipin/M03083686.htm
Mon Jun  9 20:23:35 2014,believeinsky (毛毛),衣飾,淘寶莫代爾大擺抽繩連衣裙,直寄/ez,30,http://www.ptt.cc/bbs/BuyTogether/M.1402316618.A.965.html,"https://docs.google.com/forms/d/11O0ZfeGHViNDMyakgEamVsErk2iItItsdI6RXVCTwBo/viewform?usp=send_form,http://item.taobao.com/item.htm?id=20010415143"
Mon Jun  9 20:41:59 2014,moto610 (moto610),無主,CP值爆表的便宜牛皮軍靴,直寄,153,http://www.ptt.cc/bbs/BuyTogether/M.1402317721.A.180.html,"http://item.taobao.com/item.htm?id=7899611139,http://www.ptt.cc/bbs/BuyTogether/M.1401204690.A.8AB.html"
Mon Jun  9 20:24:04 2014,girlo (girlo),綜合,淘寶多彬烤漆計算機,直寄/EZ/台中南區,6,http://www.ptt.cc/bbs/BuyTogether/M.1402316647.A.9CD.html,"https://docs.google.com/forms/d/1S1eXeRhNF6ve4oZ9bNkvR0kEbAOalj6yj4u6LKJQ1GY/viewform,http://item.taobao.com/item.htm?id=25550068841"
Mon Jun  9 20:20:13 2014,asakura (朝倉),無主,哥德式ER快樂得護髮素,郵寄,4,http://www.ptt.cc/bbs/BuyTogether/M.1402316416.A.B6A.html,http://goods.ruten.com.tw/item/show?21406090386649
Mon Jun  9 19:58:19 2014,cindy596970 (梨洛),無主,回購莫代爾開衫外套,直寄/郵寄/店到店,167,http://www.ptt.cc/bbs/BuyTogether/M.1402315101.A.FE6.html,"http://www.ptt.cc/bbs/BuyTogether/M.1402212275.A.E71.html,http://item.taobao.com/item.htm?spm=a1z0k.6846101.1130973605.d4915205.QmNTDG&id=17306370570&_u=61nl70a9b2df,http://item.taobao.com/item.htm?spm=a1z0k.6846101.1130973605.d4915205.QmNTDG&id=37879675870&_u=61nl70a9c629"
Mon Jun  9 20:45:56 2014,toiletwto (禦寒),衣飾,再回購裸色家雪紡長裙洋裝,台大/仁愛延吉,0,http://www.ptt.cc/bbs/BuyTogether/M.1402317958.A.2D3.html,"http://item.taobao.com/item.htm?spm=a1z10.3.w4002-4666151187.85.jD4Uzp&id=37886020294,http://item.taobao.com/item.htm?spm=937.1000770.1000419.1.F9E443&id=16259772152&asker=wangwang&wwdialog=bbxxbbmc&ad_id=&am_id=&cm_id=&pm_id="
Mon Jun  9 21:03:23 2014,Emmiz (餓死了...),無主,老跟不到的Miusa針織外套,汐止/內湖/直寄,16,http://www.ptt.cc/bbs/BuyTogether/M.1402319007.A.033.html,http://item.taobao.com/item.htm?id=19321839450
Mon Jun  9 21:03:57 2014,rednetish (以綺),無主,伯利恆單人及雙人天絲床包,直寄,11,http://www.ptt.cc/bbs/BuyTogether/M.1402319039.A.C99.html,http://item.taobao.com/item.htm?id=37980514503&tracelogww=ltckbburl
Mon Jun  9 20:45:23 2014,skoal (不要再開團了啦),衣飾,淘寶男款莫代爾背心,小南門/國館,85,http://www.ptt.cc/bbs/BuyTogether/M.1402317926.A.F8C.html,"https://sites.google.com/site/woomiebuybuy/home/tuan-wu-jin-du_he-gou-ban,http://www.ptt.cc/bbs/BuyTogether/M.1402294082.A.E10.html,http://item.taobao.com/item.htm?id=14643059876,https://docs.google.com/spreadsheet/viewform?formkey=dENyZGRNLTIySlBhVTFoMFpnVHRGSFE6MA,http://item.taobao.com/item.htm?id=14793271920"
Mon Jun  9 19:59:44 2014,alisiablue (龍兒),衣飾,衣櫃總要有一套的正式西裝和襯衫,直寄,87,http://www.ptt.cc/bbs/BuyTogether/M.1402315186.A.316.html,"http://detail.tmall.com/item.htm?id=35424403577&tbpm=3,http://ppt.cc/qRPC,http://www.ptt.cc/bbs/BuyTogether/M.1402212337.A.BB6.html,http://item.taobao.com/item.htm?id=37869932545"
Mon Jun  9 20:21:38 2014,kamui0603 (書),綜合,妙檀香洗衣粉,台南/郵寄/EZ,11,http://www.ptt.cc/bbs/BuyTogether/M.1402316501.A.ABE.html,"http://www.supermall.idv.tw/,http://www.ptt.cc/bbs/BuyTogether/M.1241790589.A.08B.html,http://www.ptt.cc/bbs/BuyTogether/M.1402225306.A.E5A.html,http://www.ptt.cc/bbs/BuyTogether/M.1402137822.A.948.html,http://www.ptt.cc/bbs/BuyTogether/M.1402032783.A.5A8.html"
Mon Jun  9 19:33:28 2014,alldayla (Jill),食物,易珈紅豆或薏仁水組合,頭前莊/輔大/郵寄,0,http://www.ptt.cc/bbs/BuyTogether/M.1402313612.A.D70.html,http://www.momoshop.com.tw/goods/GoodsDetail.jsp?i_code=2626924&mdiv=411412
Mon Jun  9 19:11:08 2014,cobex (cobe),無主,淘寶真皮小清新水桶包,直寄,10,http://www.ptt.cc/bbs/BuyTogether/M.1402312271.A.D11.html,http://item.taobao.com/item.htm?id=37438205376
Mon Jun  9 18:52:26 2014,lathi (走自己的步調),食物,屏東心之和蛋糕,三重,0,http://www.ptt.cc/bbs/BuyTogether/M.1402311149.A.DFE.html,http://heartcheese.com/?.p=HjEr&.hl=zh-tw
Mon Jun  9 18:53:37 2014,szumiao (susu),,,,0,http://www.ptt.cc/bbs/BuyTogether/M.1402311219.A.DFE.html,http://www.pinkoi.com/offers/32?utm_campaign=Facebook-Page&utm_medium=Facebook&utm_source=Post&utm_term=20140527%20offer32
Mon Jun  9 19:18:13 2014,sophia0309 (Sophia),無主,阿里巴巴隱形眼鏡盒,郵寄,4,http://www.ptt.cc/bbs/BuyTogether/M.1402312698.A.B64.html,"http://detail.1688.com/offer/38624110534.html,http://detail.1688.com/offer/38649508770.html,http://detail.1688.com/offer/38637917698.html"
Mon Jun  9 19:21:04 2014,Kyara (以馬內利),綜合,哥德式蒂聖絲SL洗護髮,中壢/中原/EZ,0,http://www.ptt.cc/bbs/BuyTogether/M.1402312867.A.DB7.html,"http://goods.ruten.com.tw/item/qa?21401287860010,http://goods.ruten.com.tw/item/show?21405296358814,http://goods.ruten.com.tw/item/show?21010245445570"
Mon Jun  9 18:55:25 2014,musician0128 (Lawrence),無主,沒跟到的男生牛仔外套,直寄,45,http://www.ptt.cc/bbs/BuyTogether/M.1402311327.A.BBD.html,"http://www.ptt.cc/bbs/BuyTogether/M.1402214613.A.C1A.html,http://item.taobao.com/item.htm?spm=a1z10.5.w4002-4159703981.22.q8CetA&id=15737173620"
Mon Jun  9 19:17:48 2014,Nileen (尼),食物,牛奶與雞蛋灌溉的葡萄,公館,0,http://www.ptt.cc/bbs/BuyTogether/M.1402312671.A.C6E.html,"https://www.facebook.com/heartgrape?sk=wall,http://www.ptt.cc/bbs/BuyTogether/M.1241790589.A.08B.html"
Mon Jun  9 18:49:57 2014,hsinxuan (Tiara),無主,氣質百褶翻領收腰雪紡連衣裙,直寄,88,http://www.ptt.cc/bbs/BuyTogether/M.1402311000.A.51F.html,"http://item.taobao.com/item.htm?id=36919671530,http://www.ptt.cc/bbs/BuyTogether/M.1401506097.A.B7D.html,http://item.taobao.com/item.htm?spm=2013.1.0.0.HtNTib&id=35670437232"
Mon Jun  9 19:52:25 2014,wox125 (bubu),無主,雙層有氧海綿肥皂盒,直寄/高雄,11,http://www.ptt.cc/bbs/BuyTogether/M.1402314747.A.BAF.html,http://item.taobao.com/item.htm?id=37775477911
Mon Jun  9 19:52:08 2014,asdfghjkl819 (終於出水桶了 = =),衣飾,似好難遇西裝外套新色訂製,直寄,47,http://www.ptt.cc/bbs/BuyTogether/M.1402314730.A.2E6.html,"http://tinyurl.com/ofu6a3a,http://ppt.cc/Y6jv,http://ppt.cc/yZEw,http://ppt.cc/zc~4,http://www.ptt.cc/bbs/BuyTogether/M.1401112329.A.5D0.html,https://docs.google.com/forms/d/1HPPBA_qf9pen_ywhgtrSalU8pV_lZHsZRk34qYSL8eY/viewform?edit_requested=true"
Mon Jun  9 19:00:54 2014,fishgirl08 (I.O.U),綜合,回購樂立方世界建築3D立體拼圖,直寄,24,http://www.ptt.cc/bbs/BuyTogether/M.1402311657.A.421.html,"http://ppt.cc/ajpU,http://ppt.cc/shLf,http://ppt.cc/1104,http://ppt.cc/QKcE,http://ppt.cc/LGbV,http://ppt.cc/BUiN,http://ppt.cc/8D67,http://ppt.cc/m0OQ,http://www.ptt.cc/bbs/BuyTogether/M.1402214451.A.56A.html,http://item.taobao.com/item.htm?spm=a1z10.5.w4002-2824379200.33.J2GYby&id=39185342405,http://ppt.cc/CtV6,http://ppt.cc/uO7~,http://ppt.cc/YsBb,http://ppt.cc/l-Fh,http://item.taobao.com/item.htm?spm=a1z10.3.w4002-2824378650.35.g5j7sP&id=20123960447,https://docs.google.com/forms/d/1Xhq6BM50AV6sGPwW4ZFNPejwlj7kEHNesvXLby5C3xE/closedform,http://ppt.cc/EHEP"
Mon Jun  9 19:44:18 2014,margin079 (小肉麻不愛肉麻),衣飾,好仙百褶雪紡高腰背帶裙-直寄/郵寄/7,11,6,http://www.ptt.cc/bbs/BuyTogether/M.1402314262.A.983.html,"http://ppt.cc/cFIP,http://item.taobao.com/item.htm?spm=a230r.1.14.1.EIQvVM&id=37523388353"
Mon Jun  9 19:16:20 2014,CoCoChanel (可可香奈兒),無主,頭層牛皮雙肩糖果色後背包,直寄,11,http://www.ptt.cc/bbs/BuyTogether/M.1402312585.A.C17.html,"http://item.taobao.com/item.htm?spm=a230r.1.14.47.LoonLD&id=38467962813&ns=1&_u=8ah83u2fbc9#detail,http://lovesunrise.meepshop.com/product/5391cdd0ae9074f9670001b0/,http://item.taobao.com/item.htm?spm=a230r.1.14.27.QMK5x4&id=39118414676&ns=1#detail,http://item.taobao.com/item.htm?spm=a2106.m5465.0.0.v3R9zm&id=20085798240&scm=1029.grouplist-01.1.50072723&ppath=&sku=&ug=27,http://www.ptt.cc/bbs/BuyTogether/M.1402164444.A.B9B.html,http://item.taobao.com/item.htm?id=38371448913"
Mon Jun  9 19:01:43 2014,shalin (夏凜),無主,蕾絲拼接顯瘦小腳褲,直寄,154,http://www.ptt.cc/bbs/BuyTogether/M.1402311706.A.B19.html,"http://www.ptt.cc/bbs/BuyTogether/M.1400165914.A.346.html,http://www.ptt.cc/bbs/BuyTogether/M.1401363985.A.4C8.html,http://www.ptt.cc/bbs/BuyTogether/M.1400900759.A.954.html,http://www.ptt.cc/bbs/BuyTogether/M.1401173426.A.E5F.html,http://www.ptt.cc/bbs/BuyTogether/M.1401031913.A.790.html,http://item.taobao.com/item.htm?spm=2013.1.0.0.WP4Hf4&id=37697385523&source=superboss&appId=19,http://www.ptt.cc/bbs/BuyTogether/M.1400078867.A.DD7.html"
Mon Jun  9 19:49:37 2014,toiletwto (禦寒),綜合,APPLE小舖拍立得周邊產品,台大/仁愛延吉,0,http://www.ptt.cc/bbs/BuyTogether/M.1402314581.A.B90.html,"http://class.ruten.com.tw/user/index00.php?s=board-0547,http://goods.ruten.com.tw/item/show?21308132459198"
Mon Jun  9 18:51:08 2014,start383 (馨),,,,78,http://www.ptt.cc/bbs/BuyTogether/M.1402311071.A.AC8.html,"http://item.taobao.com/item.htm?id=14938122868,http://www.citibank.com.tw/TWGCB/APPS/portal/loadPage.do?path=/prod/det/cc_privileges.htm,https://docs.google.com/forms/d/10wACq514Yfoq0XpqfqLBu78ojKB6S1rDKaBBY7NWAag/closedform,http://www.ptt.cc/bbs/BuyTogether/M.1402146291.A.E96.html"
Mon Jun  9 19:42:11 2014,enid3228 (天上有星星),衣飾,再回購裸色家雪紡長裙洋裝(a大),郵寄,0,http://www.ptt.cc/bbs/BuyTogether/M.1402314135.A.AFF.html,"http://item.taobao.com/item.htm?spm=a1z10.3.w4002-4666151187.85.jD4Uzp&id=37886020294,https://docs.google.com/forms/d/1qK1VZyhwMIAb0NfmRZHwlFfWakz8RFWekQA2ctUS0kA/viewform?usp=send_form,http://item.taobao.com/item.htm?spm=937.1000770.1000419.1.F9E443&id=16259772152&asker=wangwang&wwdialog=bbxxbbmc&ad_id=&am_id=&cm_id=&pm_id="
,,,,,0,http://www.ptt.cc/bbs/BuyTogether/M.1402313729.A.84A.html,
Mon Jun  9 18:53:47 2014,sue83664 (大麥),截止,回購好難遇西裝外套,新店,0,http://www.ptt.cc/bbs/BuyTogether/M.1402311230.A.216.html,"http://ppt.cc/a0or,http://item.taobao.com/item.htm?id=15517842807"
Mon Jun  9 16:49:26 2014,qbqbqb (),食物,法式手工果醬三瓶88折,後山埤,0,http://www.ptt.cc/bbs/BuyTogether/M.1402303769.A.517.html,http://www.pinkoi.com/offers/32?utm_campaign=Facebook-Page&utm_medium=Facebook&utm_source=Post&utm_term=20140527%20offer32
Mon Jun  9 18:40:18 2014,high1342 (默默),無主,淘寶韓版修身西外,直寄,10,http://www.ptt.cc/bbs/BuyTogether/M.1402310422.A.21A.html,"http://www.ptt.cc/bbs/BuyTogether/M.1402239570.A.3F0.html,http://item.taobao.com/item.htm?id=16525119285"
Mon Jun  9 18:41:02 2014,spicalts (矮人),無主,超好看!波西米亞電腦包筆電包,直寄,65,http://www.ptt.cc/bbs/BuyTogether/M.1402310465.A.202.html,"http://item.taobao.com/item.htm?spm=a1z10.5.w4002-3071368423.67.3HpEwm&id=18919062552,http://item.taobao.com/item.htm?spm=a1z10.5.w4002-3071368423.97.Zoykgg&id=36735012558,http://item.taobao.com/item.htm?spm=a1z10.5.w4002-3071368423.73.wrmFhb&id=23338256995,http://mykinmac.taobao.com/category-460161408.htm?spm=a1z10.1.w5002-3071368383.3.y4PGG5&search=y&catName=%B1%CA%BC%C7%B1%BE%B5%E7%C4%D4%B0%FC,http://item.taobao.com/item.htm?spm=a1z10.5.w4002-3071368423.88.Zoykgg&id=14377447709,http://item.taobao.com/item.htm?spm=a1z10.5.w4002-3071368423.109.wrmFhb&id=26871376320"
Mon Jun  9 18:17:29 2014,judy7312 (Princess J),綜合,淘寶陌下時光,民權西路捷運站/EZ,38,http://www.ptt.cc/bbs/BuyTogether/M.1402309053.A.EE2.html,"http://www.ptt.cc/bbs/BuyTogether/M.1402289135.A.0F5.html,http://moretime.taobao.com/"
Mon Jun  9 17:10:47 2014,iv0nne (iv0),寵物,東客集運動襪買一送一,郵寄/新莊/泰山,0,http://www.ptt.cc/bbs/BuyTogether/M.1402305050.A.C9E.html,"http://www.ptt.cc/bbs/BuyTogether/M.1241790589.A.08B.html,http://www.pcstore.com.tw/dkgp/M13760364.htm"
Mon Jun  9 18:42:04 2014,secretone (id),衣飾,冰淇淋色系復古單肩包(b大),新竹,0,http://www.ptt.cc/bbs/BuyTogether/M.1402310527.A.08F.html,http://item.taobao.com/item.htm?spm=a1z10.1.w4024-4741808147.1.Jj4H2O&id=38755433294&scene=taobao_shop
Mon Jun  9 18:40:37 2014,hsinxuan (Tiara),無主,小清新碎花圓領雪紡露背連衣裙,直寄,61,http://www.ptt.cc/bbs/BuyTogether/M.1402310440.A.990.html,"http://item.taobao.com/item.htm?id=38537826267,http://www.ptt.cc/bbs/BuyTogether/M.1401522140.A.66A.html,http://detail.1688.com/offer/38842483128.html"
Mon Jun  9 17:32:58 2014,s5512038 (合購進度Q我唷),綜合,淘寶快樂檸檬文具,EZ/郵寄/臺大醫院,13,http://www.ptt.cc/bbs/BuyTogether/M.1402306380.A.C4C.html,"http://www.doghome.org.tw/phpbb2/indexnew.php,http://happylemon84.taobao.com/?spm=a1z10.15.w1002-1994994568.1.oTbzdr&v=1,https://docs.google.com/forms/d/118LUmm06sIEKGcjX3rx5wNHC6tH0VpuD6A1k8GtGjB0/viewform?usp=send_form"
Mon Jun  9 16:46:32 2014,abububu (大膽刁民),綜合,花王蒸氣眼罩,高雄/郵寄,1,http://www.ptt.cc/bbs/BuyTogether/M.1402303596.A.284.html,"http://goods.ruten.com.tw/item/show?21308086051802,http://www.ptt.cc/bbs/BuyTogether/M.1402211631.A.97B.html"
Mon Jun  9 17:48:53 2014,hsinxuan (Tiara),無主,小V領休閒條紋雪紡襯衫,直寄,51,http://www.ptt.cc/bbs/BuyTogether/M.1402307339.A.7FB.html,"http://detail.1688.com/offer/38370831314.html,http://ppt.cc/eJN5，和合購的衣物非同款式)"
Mon Jun  9 18:40:16 2014,definite (綠),無主,Lepow月光石6000mah,直寄,16,http://www.ptt.cc/bbs/BuyTogether/M.1402310420.A.1D9.html,"http://detail.tmall.com/item.htm?id=20478887650&scene=taobao_shop&tbpm=3,http://detail.tmall.com/item.htm?spm=a220o.1000855.w5003-6572054065.5.w0BTeN&id=38852171499&scene=taobao_shop&tbpm=3"
Mon Jun  9 17:43:21 2014,n761103 (巧克力),,,,26,http://www.ptt.cc/bbs/BuyTogether/M.1402307004.A.8CA.html,https://tw.user.bid.yahoo.com/tw/user/Y7138059769&u=:Y7138059769&tp=
Mon Jun  9 18:48:58 2014,q81566970 (111),票券,高雄美憶瑜珈票卷,高雄/鳳山,0,http://www.ptt.cc/bbs/BuyTogether/M.1402310941.A.0DC.html,"http://www.ptt.cc/bbs/BuyTogether/M.1241790589.A.08B.html,http://12342234.com.tw/index3.htm),http://12342234.com.tw/index9.htm"
Mon Jun  9 18:22:33 2014,basseds (自以為是的人太多了~唉~),綜合,DHC78折團,新埔/郵局/交貨便/EZ,0,http://www.ptt.cc/bbs/BuyTogether/M.1402309356.A.A52.html,https://www.27662000.com.tw/dhc/index.html
Mon Jun  9 17:36:57 2014,ilovecheer (搭啦搭啦),衣飾,淘寶男款莫代爾背心,板橋/小巨蛋,0,http://www.ptt.cc/bbs/BuyTogether/M.1402306618.A.819.html,"http://item.taobao.com/item.htm?id=14793271920,https://sites.google.com/site/woomiebuybuy/home/tuan-wu-jin-du_he-gou-ban,https://docs.google.com/forms/d/1_gp8DHdRCDRphTeeBwx172LYw4lO_tnW-x4NWKEDsyE/viewform?usp=send_form,https://docs.google.com/spreadsheet/viewform?formkey=dENyZGRNLTIySlBhVTFoMFpnVHRGSFE6MA,http://item.taobao.com/item.htm?id=14643059876"
Mon Jun  9 18:14:06 2014,lovewill9922 (蘇),衣飾,回購好難遇西裝外套,直寄/EZ,43,http://www.ptt.cc/bbs/BuyTogether/M.1402308849.A.E87.html,"http://ppt.cc/a0or,https://docs.google.com/forms/d/131CJP4_ux4eN8ufr02YOXv7XC-4cALcRKD8Z4E9L5II/viewform,http://item.taobao.com/item.htm?id=15517842807"
Mon Jun  9 18:33:07 2014,ankey614158 (Ankey),綜合,太順駕訓班團報,樹林,0,http://www.ptt.cc/bbs/BuyTogether/M.1402309990.A.02B.html,http://www.taishun.com.tw/index.html
Mon Jun  9 18:23:56 2014,heman (追逐),無主,夏天就是要黑白破洞短褲,直寄,62,http://www.ptt.cc/bbs/BuyTogether/M.1402309439.A.272.html,http://item.taobao.com/item.htm?spm=0.0.0.0.b9Ka5q&id=19318237290
Mon Jun  9 17:55:04 2014,iloveesp (搖搖滾),衣飾,Tommy Hilfiger,台中新光三越(一件8折 ),0,http://www.ptt.cc/bbs/BuyTogether/M.1402307707.A.AB6.html,
Mon Jun  9 18:14:10 2014,laisally (sally),綜合,TT面膜三款體驗團,郵寄,0,http://www.ptt.cc/bbs/BuyTogether/M.1402308852.A.4A7.html,http://www.ttmask.com/category_41
Mon Jun  9 16:02:38 2014,abcabcabab (abc),綜合,好便宜蕾絲雨鞋,永春/新生/北車/郵寄,0,http://www.ptt.cc/bbs/BuyTogether/M.1402300961.A.005.html,http://item.taobao.com/item.htm?id=38695900299
Mon Jun  9 16:22:21 2014,p80705 (巧),綜合,好便宜蕾絲雨鞋,新埔,0,http://www.ptt.cc/bbs/BuyTogether/M.1402302143.A.7C6.html,"http://item.taobao.com/item.htm?id=38695900299,https://docs.google.com/forms/d/1CjZyPQtLeiup5buTHqLq_WojYZsPtTp73Vrwp5EYnEM/viewform"
Mon Jun  9 15:47:50 2014,linger411 (綿綿兔),綜合,好便宜蕾絲雨鞋,直寄/ez,172,http://www.ptt.cc/bbs/BuyTogether/M.1402300073.A.7CB.html,"http://item.taobao.com/item.htm?id=38695900299,https://docs.google.com/forms/d/1CjZyPQtLeiup5buTHqLq_WojYZsPtTp73Vrwp5EYnEM/viewform"
Mon Jun  9 16:25:37 2014,lanyihsin198 (大阿璃),衣飾,短袖露腰短款T素色/條紋款,直寄,0,http://www.ptt.cc/bbs/BuyTogether/M.1402302340.A.7DE.html,"http://ppt.cc/LlQO,http://item.taobao.com/item.htm?spm=a230r.1.0.0.fTsL9p&id=19074371142,http://item.taobao.com/item.htm?spm=a230r.1.0.0.lxZoIk&id=37776728356,https://docs.google.com/forms/d/10dtlRB7zO3G2PlRNKXivogC_JArEt4G5a8h7mNdiurk/viewform?usp=send_form,http://ppt.cc/SDpJ"
Mon Jun  9 16:22:24 2014,mocimocy100 (笑也是笑你是個白痴),食物,東爵MOS紅茶,平鎮/育達路,2,http://www.ptt.cc/bbs/BuyTogether/M.1402302147.A.2FE.html,"http://www.ptt.cc/bbs/BuyTogether/M.1401988442.A.FC8.html,http://goods.ruten.com.tw/item/show?11090703368122"
Mon Jun  9 16:04:12 2014,odpc (黑黑貓貓貓),,,,7,http://www.ptt.cc/bbs/BuyTogether/M.1402301055.A.9E2.html,"http://h5.m.taobao.com/awp/core/detail.htm?id=38348506563&spm=a1z02.1.6794245.d4910329.U2asaX&id=38348506563&scm=12306.100.0.0,http://miupix.cc/pm-CO6O2S"
Mon Jun  9 15:57:25 2014,StayAway (StayAway),綜合,The Face Shop遮瑕膏,郵寄(便利包37元),29,http://www.ptt.cc/bbs/BuyTogether/M.1402300648.A.1BA.html,"http://item2.gmarket.co.kr/English/detailview/item.aspx?goodscode=383030426,http://item2.gmarket.co.kr/English/detailview/item.aspx?goodscode=357628603"
Mon Jun  9 16:33:45 2014,annman1 (我要打球),,,,102,http://www.ptt.cc/bbs/BuyTogether/M.1402302827.A.3D0.html,"http://item.taobao.com/item.htm?spm=a1z10.5.w4002-3673829217.55.J7GRPv&id=38776594285,http://item.taobao.com/item.htm?spm=a1z10.5.w4002-3673829217.73.ZOqRe6&id=36498955577,http://item.taobao.com/item.htm?spm=a1z0k.6846101.1130973605.d4915205.uBQnRg&id=25065428306&_u=91jtujm2b6ed,http://detail.tmall.com/item.htm?id=14585461370&spm=a1z0k.6846101.1130973605.d4915205.TEqNfm&_u=91jtujm2157d&tbpm=3"
,,,,,0,http://www.ptt.cc/bbs/BuyTogether/M.1402302659.A.088.html,
Mon Jun  9 16:03:57 2014,ascloud2161 (忻沂),綜合,綠光森林手工皂,高雄/巨蛋/EZ,4,http://www.ptt.cc/bbs/BuyTogether/M.1402301041.A.A4D.html,"http://www.lavertesoap.com.tw/,https://docs.google.com/file/d/0By-Vnbg8_hVuZHRiZmpxeEZmUnM/edit?usp=sharing,https://www.facebook.com/lavertesoap.tw?ref=stream"
,,,,,4,http://www.ptt.cc/bbs/BuyTogether/M.1402300782.A.FEA.html,"http://www.lavertesoap.com.tw/,https://docs.google.com/spreadsheets/d/1S_0j2y-mda7KBD4-vmXgd2XWToGJKWGIRCPVAkQe3mo/edit?usp=sharing,https://www.facebook.com/lavertesoap.tw?ref=stream"
Mon Jun  9 16:39:17 2014,yuwei730 (達爾文星星),無主,風之羽裳太陽裙50/55cm,直寄,74,http://www.ptt.cc/bbs/BuyTogether/M.1402303159.A.3FC.html,"http://www.ptt.cc/bbs/BuyTogether/M.1402058571.A.009.html,http://item.taobao.com/item.htm?spm=2013.1.0.0.4bPF77&scm=1007.10090.581.0&id=35091064630&pvid=50484caa-cedc-46d6-a4a0-4ad74496ed9e,http://item.taobao.com/item.htm?spm=a1z0k.6846577.1130980029.8.AOv7DD&id=38222747172&scm=1007.10015.682.0&pvid=941c50ca-e002-4397-8def-40d22d3ef774"
Mon Jun  9 16:23:26 2014,looxxl (奸詐茶米),無主,回購好穿莫代爾褲裙,直寄,39,http://www.ptt.cc/bbs/BuyTogether/M.1402302209.A.A01.html,"http://detail.1688.com/offer/1250887227.html,http://detail.1688.com/offer/1258518070.html"
Mon Jun  9 15:53:18 2014,tender11 (小胖依),綜合,EarsQuake SHA耳機,信義安和/新埔/郵寄,0,http://www.ptt.cc/bbs/BuyTogether/M.1402300401.A.264.html,https://tw.mall.yahoo.com/item/p00212061519
,,,,,0,http://www.ptt.cc/bbs/BuyTogether/M.1402300405.A.BC0.html,
Mon Jun  9 16:27:45 2014,rainbowbaby (小彩虹),無主,淘寶好質感信封包,直寄/ez,21,http://www.ptt.cc/bbs/BuyTogether/M.1402302467.A.498.html,http://detail.tmall.com/item.htm?id=14097075968&tbpm=3
Mon Jun  9 16:41:32 2014,allow5596 (bb),衣飾,超夏天甜美簡單黑白短洋裝,直寄,31,http://www.ptt.cc/bbs/BuyTogether/M.1402303295.A.839.html,"https://docs.google.com/forms/d/1T7Ee8ggy-eqh5pEOwrzp6bZgsYTuIUAZvwUwqpp-n6Q/viewform,http://tb.cn/E75ckZy"
Mon Jun  9 16:12:25 2014,wallace35 (Wallace),,,,3,http://www.ptt.cc/bbs/BuyTogether/M.1402301548.A.CB3.html,"http://www.ptt.cc/bbs/BuyTogether/M.1402195311.A.DEB.html,http://h5.m.taobao.com/channel/act/mobile/standrad.html"
,"kiru (211.20.105.56), 06/09/2014 16:24:19",,,,0,http://www.ptt.cc/bbs/BuyTogether/M.1402302238.A.8A3.html,
Mon Jun  9 16:32:12 2014,iamsun (太陽花),寵物,Now小型犬飼料,ez/板橋/北車,0,http://www.ptt.cc/bbs/BuyTogether/M.1402302734.A.D4F.html,http://goods.ruten.com.tw/item/show?21205189116837
Mon Jun  9 14:25:57 2014,domoto (小六小姐~~*),綜合,淘寶無袖連衣褲,石牌/明德/郵寄,35,http://www.ptt.cc/bbs/BuyTogether/M.1402295161.A.8E7.html,"https://docs.google.com/forms/d/1FnP00J_w4k00ZqrAxGjV7TwXtiknyZUkV7wj2jxkdCs/viewform,http://www.ptt.cc/bbs/BuyTogether/M.1402204075.A.0B7.html,http://item.taobao.com/item.htm?ut_sk=1.UuaW30IWn9sDAJ267rQz/5MS_21380790_1402154968.Copy.ShareSceneItemDetail&id=38821264172"
Mon Jun  9 15:15:25 2014,leojoe (JOE),綜合,新安耐曬黃金鑽級防曬,桃園/小南門/EZ,0,http://www.ptt.cc/bbs/BuyTogether/M.1402298128.A.B84.html,"https://tw.buy.yahoo.com/gdsale/gdqta.asp?gdid=5168374&act=todaybest5_main_01,http://map.ezship.com.tw/map/ezship_map_new.jsp"
Mon Jun  9 15:24:25 2014,plutocat (冥王星),綜合,EarsQuake SHA耳機,中壢/八德/郵寄,0,http://www.ptt.cc/bbs/BuyTogether/M.1402298669.A.411.html,https://tw.mall.yahoo.com/item/p00212061519
Mon Jun  9 14:08:00 2014,woomie (烏咪),衣飾,淘寶男款莫代爾背心,直寄/郵寄,132,http://www.ptt.cc/bbs/BuyTogether/M.1402294082.A.E10.html,"https://sites.google.com/site/woomiebuybuy/home/tuan-wu-jin-du_he-gou-ban,http://item.taobao.com/item.htm?id=14643059876,https://docs.google.com/spreadsheet/viewform?formkey=dENyZGRNLTIySlBhVTFoMFpnVHRGSFE6MA,http://item.taobao.com/item.htm?id=14793271920"
Mon Jun  9 15:10:59 2014,vickey0627 (★☆ 星 ☆★),綜合,藍鷹牌N95級拋棄式口罩,嘉義/EZ,26,http://www.ptt.cc/bbs/BuyTogether/M.1402297863.A.BE8.html,"https://tw.page.bid.yahoo.com/tw/auction/b102527334?u=Y9278792926&actsrch=srp3,https://docs.google.com/spreadsheet/viewform?formkey=dDN1VzQxQnNxYzVDWmhKdTVIZmIwRkE6MA,https://login.yahoo.com/config/login?.pd=c%3D3Chd7Yq72e502eh4R99sgUvi5Q--&.src=auc&.intl=tw&.lg=tw&.intl=tw&.pd=c%3D3Chd7Yq72e502eh4R99sgUvi5Q--&.src=auc&.last=https:%2f%2ftw.user.bid.yahoo.com/tw%2fshow%2fsignup&.done=http:%2f%2ftw.page.bid.yahoo.com%2Ftw%2Fauction%2Fd95361041%3FaID%3Dd95361041%26u%3DY9278792926%26actsrch%3Dsrp3&.r=1283642355,https://tw.page.bid.yahoo.com/tw/auction/c98663528?u=Y9278792926&actsrch=srp3"
Mon Jun  9 13:50:30 2014,cacado (卡卡度),綜合,澎湖農會蘆薈膠,台中,1,http://www.ptt.cc/bbs/BuyTogether/M.1402293032.A.916.html,http://goods.ruten.com.tw/item/qa?21312123427749
Mon Jun  9 13:52:29 2014,bubuw (bubu),衣飾,冰淇淋色系復古單肩包,直寄,16,http://www.ptt.cc/bbs/BuyTogether/M.1402293151.A.346.html,"https://docs.google.com/forms/d/1HnFskKatqZSDnnkxgjtNOdurucSFan_UNX458Fv-iDI/viewform?usp=send_form,http://item.taobao.com/item.htm?spm=a1z10.1.w4024-4741808147.1.Jj4H2O&id=38755433294&scene=taobao_shop,http://item.taobao.com/item.htm?spm=2013.1.0.0.PBnsyC&id=39100709120&scene=taobao_shop,http://www.ptt.cc/bbs/BuyTogether/M.1402195972.A.576.html"
Mon Jun  9 14:39:02 2014,hasina91 (H),綜合,花季未央歌鋼飾,高雄/郵寄,9,http://www.ptt.cc/bbs/BuyTogether/M.1402295944.A.864.html,"http://www.ptt.cc/bbs/BuyTogether/M.1402151092.A.B9E.html,https://docs.google.com/forms/d/1Tbv4xEAOs1yXgVautO5RadmbADr8pMcDoIvgbmIRfyw/closedform,http://flowerseason.taobao.com/shop/view_shop.htm?shop_nick=%bb%a8%bc%be%ce%b4%d1%eb%b8%e8%3a%d0%a1%ce%b4&tracelog=tzs_jrdp"
Mon Jun  9 14:59:53 2014,bel1535 (),,,,0,http://www.ptt.cc/bbs/BuyTogether/M.1402297196.A.82A.html,"https://docs.google.com/forms/d/1p7wjArD5CRfNQN01xjtXPojOJskuSxxO9J5bonqSDyw/viewform,http://moretime.taobao.com/"
Mon Jun  9 14:28:06 2014,hanamaru8 (清清),衣飾,bliss to免運團,劍潭/中山,0,http://www.ptt.cc/bbs/BuyTogether/M.1402295289.A.447.html,https://tw.user.bid.yahoo.com/tw/user/Y4648302232
Mon Jun  9 14:25:04 2014,i11232 (RITA),無主,可遮蝴蝶袖的荷葉袖,直寄/ez,14,http://www.ptt.cc/bbs/BuyTogether/M.1402295109.A.AF8.html,"http://detail.tmall.com/item.htm?spm=a2106.m874.1000384.361.4sWoDN&id=38774264505&scm=1029.newlist-0.1.16&ppath=&sku_properties=1627207:28326&ug=&tbpm=3,http://item.taobao.com/item.htm?spm=a2106.m874.1000384.503.LNmpg7&id=38796618292&scm=1029.newlist-0.1.16&ppath=&sku=&ug=#detail,http://detail.1688.com/offer/39246577811.html,http://detail.1688.com/offer/39140988052.html"
,"bonjour0422 (140.113.156.114), 06/09/2014 15:03:13",,,,0,http://www.ptt.cc/bbs/BuyTogether/M.1402293858.A.60B.html,
Mon Jun  9 14:12:24 2014,estrellafu (凹嗚凹嗚喵喵),綜合,綠光森林手工皂,南勢角/安坑,2,http://www.ptt.cc/bbs/BuyTogether/M.1402294346.A.536.html,"https://docs.google.com/file/d/0B9Y1LsdD_si9M2JoSXFPRUE2STQ/edit,http://www.ptt.cc/bbs/BuyTogether/M.1241790589.A.08B.html,https://www.facebook.com/lavertesoap.tw?ref=stream"
Mon Jun  9 15:37:41 2014,monpatrick (★もも ),衣飾,Gmarket全館包包,EZ/便利帶/江子翠,0,http://www.ptt.cc/bbs/BuyTogether/M.1402299465.A.5DA.html,http://item2.gmarket.co.kr/English/detailview/item.aspx?goodscode=182207279
Mon Jun  9 15:38:58 2014,CoCoChanel (可可香奈兒),無主,網紗水鑽厚底鬆糕運動鞋,直寄,1,http://www.ptt.cc/bbs/BuyTogether/M.1402299542.A.38B.html,"http://item.taobao.com/item.htm?id=36996763322,http://www.ptt.cc/bbs/BuyTogether/M.1402202924.A.3FC.html,http://item.taobao.com/item.htm?id=38697254366"
Mon Jun  9 15:33:39 2014,reiko666 (薄荷糖+蘇打水),,,,10,http://www.ptt.cc/bbs/BuyTogether/M.1402299223.A.E3A.html,https://tw.user.bid.yahoo.com/tw/user/Y7138059769
Mon Jun  9 14:50:38 2014,dalaF (欸負),衣飾,淘寶男款莫代爾背心,歸仁/鹽埕,12,http://www.ptt.cc/bbs/BuyTogether/M.1402296641.A.A2F.html,"https://sites.google.com/site/woomiebuybuy/home/tuan-wu-jin-du_he-gou-ban,http://item.taobao.com/item.htm?id=14643059876,https://docs.google.com/spreadsheet/viewform?formkey=dENyZGRNLTIySlBhVTFoMFpnVHRGSFE6MA,http://item.taobao.com/item.htm?id=14793271920"
Mon Jun  9 13:49:33 2014,walelys (哇菜菜),衣飾,夏天款防曬寬鬆燈籠褲九分/七分,東海/郵寄,53,http://www.ptt.cc/bbs/BuyTogether/M.1402292975.A.F1B.html,"http://item.taobao.com/item.htm?id=19261171527,https://docs.google.com/forms/d/1pmP-2yB4wwMfnOLlu3KQtWs4pkaQZrr8Y9vMpZZDV5c/closedform,http://item.taobao.com/item.htm?id=23110528050,http://www.ptt.cc/bbs/BuyTogether/M.1402249273.A.DBF.html"
Mon Jun  9 14:27:14 2014,green77 (綠綠),無主,綠檀木梳子+樟木條,直寄,48,http://www.ptt.cc/bbs/BuyTogether/M.1402295237.A.B32.html,"http://item.taobao.com/item.htm?spm=2013.1.0.97.NY3nf7&id=16583833268&,http://item.taobao.com/item.htm?spm=a1z10.5.w4002-2376070852.22.FRcUV6&id=38643417135,http://item.taobao.com/item.htm?spm=a1z10.5.w4002-2376070852.18.FRcUV6&id=20120930553,http://item.taobao.com/item.htm?spm=a1z10.5.w4002-7296729106.14.IdzPj0&id=18670880972"
Mon Jun  9 14:36:29 2014,allow5596 (bb),衣飾,再回購裸色家雪紡長裙洋裝,直寄,58,http://www.ptt.cc/bbs/BuyTogether/M.1402295792.A.A8C.html,"http://item.taobao.com/item.htm?spm=a1z10.3.w4002-4666151187.85.jD4Uzp&id=37886020294,https://docs.google.com/forms/d/1qK1VZyhwMIAb0NfmRZHwlFfWakz8RFWekQA2ctUS0kA/viewform?usp=send_form,http://item.taobao.com/item.htm?spm=937.1000770.1000419.1.F9E443&id=16259772152&asker=wangwang&wwdialog=bbxxbbmc&ad_id=&am_id=&cm_id=&pm_id="
Mon Jun  9 12:23:01 2014,a4758299 (微微),綜合,GMARKET呂洗髮精,EZ,0,http://www.ptt.cc/bbs/BuyTogether/M.1402287785.A.F1B.html,http://item2.gmarket.co.kr/English/detailview/item.aspx?goodscode=198593277
Mon Jun  9 12:52:41 2014,sosos2 (蕾--親近生侮慢),,,,0,http://www.ptt.cc/bbs/BuyTogether/M.1402289564.A.AE6.html,"https://www.cango-shop.com/default.aspx,https://www.cango-shop.com/GoodsGiftList.aspx?Brd=Gift&Class=3"
Mon Jun  9 13:22:21 2014,iwgsnl (期待),黑人,跟團者:paohuiya,直寄/郵寄/ez(5/31),0,http://www.ptt.cc/bbs/BuyTogether/M.1402291343.A.404.html,
Mon Jun  9 13:47:34 2014,cityrains (紗窗飛了啦...),無主,好燒的淘寶ATTAV全館,直寄/EZ,81,http://www.ptt.cc/bbs/BuyTogether/M.1402292856.A.29C.html,"http://www.ptt.cc/bbs/BuyTogether/M.1401001430.A.9B4.html,http://attav.taobao.com/"
Mon Jun  9 12:38:09 2014,fusion196 (Carol),食物,美之選膠原蛋白覆盆梅,EZ/萬芳醫院,1,http://www.ptt.cc/bbs/BuyTogether/M.1402288694.A.E9D.html,https://www.smilebio.com.tw/goods.php?id=145#.U5U3yZSSz_Q
Mon Jun  9 12:44:53 2014,starmomo (毛毛),食物,看海長大的芒果乾,台中興大(差4包!!),0,http://www.ptt.cc/bbs/BuyTogether/M.1402289096.A.E55.html,"http://www.ptt.cc/bbs/BuyTogether/M.1401806759.A.E6F.html,https://www.facebook.com/mango944,http://www.ptt.cc/bbs/BuyTogether/M.1402109469.A.601.html,http://www.ptt.cc/bbs/BuyTogether/M.1401982518.A.D5C.html"
Mon Jun  9 13:45:45 2014,jenny90680 (),無主,淘寶鋼化玻璃抗藍光保護貼,郵寄/ez,19,http://www.ptt.cc/bbs/BuyTogether/M.1402292748.A.6C8.html,"http://item.taobao.com/item.htm?spm=a1z10.3.w4002-3496764687.52.ShIfqt&id=21297919141,http://item.taobao.com/item.htm?spm=a1z10.3.w4002-3496764687.52.KFJp5h&id=36836864827"
Mon Jun  9 12:54:39 2014,raphael2524 (Raphael),無主,淘寶男款莫代爾背心,直寄,207,http://www.ptt.cc/bbs/BuyTogether/M.1402289683.A.232.html,"http://item.taobao.com/item.htm?spm=a230r.1.14.169.kVjfBd&id=14643059876&_u=71nutdqt81a7,http://www.ptt.cc/bbs/BuyTogether/M.1401894592.A.075.html,http://www.ptt.cc/bbs/BuyTogether/M.1401981696.A.B51.html"
Mon Jun  9 13:46:01 2014,cityrains (紗窗飛了啦...),無主,好質感kizzme真皮包全館,直寄,327,http://www.ptt.cc/bbs/BuyTogether/M.1402292763.A.338.html,"http://bngbag.taobao.com/index.htm?spm=a1z10.3.w5002-2761471042.2.VwXNNV,http://www.sisgo.com.tw/html/OpenGroup/GroupBuyingInfo.aspx?Id=17572,http://www.ptt.cc/bbs/BuyTogether/M.1397526883.A.614.html,http://www.sisgo.com.tw/html/raising/RaisingGroupInfo.aspx?Id=10544"
Mon Jun  9 12:45:32 2014,emptywei (^),綜合,淘寶陌下時光,直寄,64,http://www.ptt.cc/bbs/BuyTogether/M.1402289135.A.0F5.html,http://moretime.taobao.com/
Mon Jun  9 12:20:23 2014,sodacheer (cheer),,,,2,http://www.ptt.cc/bbs/BuyTogether/M.1402287628.A.ECB.html,"http://www.ptt.cc/bbs/BuyTogether/M.1402195463.A.58E.html,http://www.buy123.com.tw/site/deal/L3KYH8P/%E5%A4%9A%E5%8A%9F%E8%83%BD%E6%94%B6%E7%B4%8D%E5%8C%85%E4%B8%AD%E5%8C%85"
Mon Jun  9 13:11:48 2014,imskye (^__^),綜合,多用途空間置物架,台北馬偕/北捷雙連,0,http://www.ptt.cc/bbs/BuyTogether/M.1402290710.A.7A0.html,http://www.buy123.com.tw/site/deal/JTK5KR7/%E5%A4%9A%E7%94%A8%E9%80%94%E7%A9%BA%E9%96%93%E7%BD%AE%E7%89%A9%E6%9E%B6
Mon Jun  9 13:26:25 2014,angel7563 (Hug),綜合,鑽石LCD螢幕架,南高雄,2,http://www.ptt.cc/bbs/BuyTogether/M.1402291587.A.286.html,http://goods.ruten.com.tw/item/show?21109101813018
Mon Jun  9 13:39:09 2014,kellymama (凱莉媽),綜合,綠光森林手工皂,台安/EZ/郵寄,2,http://www.ptt.cc/bbs/BuyTogether/M.1402292351.A.866.html,"https://docs.google.com/file/d/0B9Y1LsdD_si9M2JoSXFPRUE2STQ/edit,http://www.ptt.cc/bbs/BuyTogether/M.1241790589.A.08B.html,https://www.facebook.com/lavertesoap.tw?ref=stream"
Mon Jun  9 13:07:18 2014,jenny5mayday (摳我摳我摳我!!),無主,金桃家大福,高雄/鳳山,0,http://www.ptt.cc/bbs/BuyTogether/M.1402290440.A.32C.html,"https://www.facebook.com/kinmomoka.tainan,http://www.facebook.com/jenny5mayday"
Mon Jun  9 13:25:22 2014,miniyu (mini),無主,粉嫩格子連衣裙,直寄,54,http://www.ptt.cc/bbs/BuyTogether/M.1402291525.A.E1E.html,http://item.taobao.com/item.htm?id=21395719233
Mon Jun  9 12:27:37 2014,ZOONADIA (喵喵兒),無主,短版露腰短T和背心,直寄/EZ/郵寄,10,http://www.ptt.cc/bbs/BuyTogether/M.1402288060.A.6B2.html,"http://ppt.cc/LlQO,http://item.taobao.com/item.htm?spm=a230r.1.0.0.fTsL9p&id=19074371142,http://item.taobao.com/item.htm?spm=a230r.1.0.0.lxZoIk&id=37776728356,http://ppt.cc/SDpJ"
Mon Jun  9 13:20:23 2014,sweetyninja (小郁),無主,雪紡長裙搭配丹寧長洋裝,直寄,56,http://www.ptt.cc/bbs/BuyTogether/M.1402291225.A.181.html,"http://detail.1688.com/offer/38960372946.html,http://www.ptt.cc/bbs/BuyTogether/M.1401698509.A.201.html,http://detail.1688.com/offer/37338514072.html"
Mon Jun  9 12:23:16 2014,thera (期待明天..^^..),食物,馬修嚴選優格果漿,直寄,0,http://www.ptt.cc/bbs/BuyTogether/M.1402287799.A.143.html,http://www.matthewschoice.com.tw/
Mon Jun  9 13:43:25 2014,disclaimer (藍),無主,來自英國的刮刮樂世界地圖,郵寄,449,http://www.ptt.cc/bbs/BuyTogether/M.1402292608.A.31B.html,"http://www.ptt.cc/bbs/BuyTogether/M.1401711873.A.9A4.html,http://www.ptt.cc/bbs/BuyTogether/M.1401408951.A.132.html,http://www.ptt.cc/bbs/BuyTogether/M.1400683541.A.C1D.html,http://www.ptt.cc/bbs/BuyTogether/M.1400890685.A.3CB.html,http://www.amazon.com/gp/aw/d/B003NCIPS6?qid=1401411018&sr=8-1&vs=1,http://www.ptt.cc/bbs/BuyTogether/M.1400770194.A.671.html,http://www.ptt.cc/bbs/BuyTogether/M.1401278762.A.DEC.html,http://www.ptt.cc/bbs/BuyTogether/M.1400474873.A.A49.html,https://www.scratchmap.co.uk/,http://www.ptt.cc/bbs/BuyTogether/M.1401190916.A.35A.html,http://www.ptt.cc/bbs/BuyTogether/M.1400982074.A.D07.html,http://www.ptt.cc/bbs/BuyTogether/M.1401077101.A.600.html,http://www.ptt.cc/bbs/BuyTogether/M.1400595547.A.D44.html,http://www.ptt.cc/bbs/BuyTogether/M.1402116106.A.4B6.html"
Mon Jun  9 11:53:44 2014,austin210843 (jycn),綜合,優美牙刷,台南新天地,0,http://www.ptt.cc/bbs/BuyTogether/M.1402286027.A.F0B.html,"http://www.ubx.com.tw/,http://www.ptt.cc/bbs/BuyTogether/M.1402035110.A.C9E.html"
Mon Jun  9 11:16:38 2014,kisscute00 (Zoe),截止,夏天必備莫代爾交叉工字抹胸短背心,中壢/中央/郵寄,0,http://www.ptt.cc/bbs/BuyTogether/M.1402283801.A.F54.html,"http://item.taobao.com/item.htm?id=24678448341,http://item.taobao.com/item.htm?id=19145864199"
Mon Jun  9 10:45:46 2014,churryrain (中信兄弟沒有象),綜合,綠光森林清倉特賣手工皂,台中/EZ,27,http://www.ptt.cc/bbs/BuyTogether/M.1402281950.A.7EF.html,"https://docs.google.com/forms/d/1tUd02FT0dXJnNOd2Zi50pmLwRBggBPuBUSE0jhXsKGo/closedform,https://docs.google.com/file/d/0By-Vnbg8_hVuZHRiZmpxeEZmUnM/edit?usp=sharing,https://www.facebook.com/lavertesoap.tw"
Mon Jun  9 11:21:54 2014,green77 (綠綠),綜合,小阿愣行動電源,代理商直寄/交貨便,48,http://www.ptt.cc/bbs/BuyTogether/M.1402284117.A.DFE.html,"http://www.ptt.cc/bbs/BuyTogether/M.1402113164.A.CBA.html,https://docs.google.com/spreadsheet/viewform?formkey=dEZtUFotd0RDX2FMR2wtdW5DNzZ3YVE6MA,http://www.pcstore.com.tw/mrbattery/M15283197.htm,http://emap.pcsc.com.tw/emap.aspx,http://www.ptt.cc/bbs/BuyTogether/M.1401965281.A.4C2.html,https://docs.google.com/document/d/1we2MsSpc1YWRaU2dylFPPE3pnp6XX9qob29CHOwGVTA/edit"
Mon Jun  9 11:03:29 2014,pioioioilli (turtle in sea),衣飾,好想回購小白鞋,高雄/直寄,27,http://www.ptt.cc/bbs/BuyTogether/M.1402283016.A.17A.html,http://item.taobao.com/item.htm?&id=18454129271
Mon Jun  9 11:18:04 2014,green77 (綠綠),衣飾,軟Q底亮皮樂福鞋,直寄/交貨便,37,http://www.ptt.cc/bbs/BuyTogether/M.1402283889.A.22D.html,"http://www.ptt.cc/bbs/BuyTogether/M.1401935652.A.104.html,http://www.ptt.cc/bbs/BuyTogether/M.1402113097.A.93B.html,http://www.ptt.cc/bbs/BuyTogether/M.1402022374.A.3C4.html,http://emap.pcsc.com.tw/emap.aspx,http://item.taobao.com/item.htm?spm=a1z0k.6846101.1130973605.d4915205.zaypYX&id=16993152886,https://docs.google.com/spreadsheet/viewform?formkey=dHlmYkVoeFpjS1U3T09vT193SDJMbWc6MA"
Mon Jun  9 11:01:21 2014,w921216 (pengsu),綜合,復仇者聯盟筆記本,直寄/店到店,12,http://www.ptt.cc/bbs/BuyTogether/M.1402282883.A.14D.html,http://item.taobao.com/item.htm?spm=a1z0b.100.0.0.xNUCfM&scm=1007.10013.510.0&id=37815494962&pvid=7c74516d-213b-4002-988d-5d1120155cca
Mon Jun  9 10:32:34 2014,ikimisscandy (善待自己),衣飾,ES生火可跑尖頭高跟鞋,直寄,24,http://www.ptt.cc/bbs/BuyTogether/M.1402281156.A.5B6.html,"http://www.ptt.cc/bbs/BuyTogether/M.1402198854.A.C93.html,http://shop62272787.taobao.com/shop/view_shop.htm?spm=a1z09.2.9.5.Hf5hHm&user_number_id=444268228,http://www.google.com/url?q=http%3A%2F%2Fitem.taobao.com%2Fitem.htm%3Fid%3D37686562944&sa=D&sntz=1&usg=AFQjCNGzzkSGp-gHtWQacNNO8YPJMqJPZg,https://docs.google.com/forms/d/1Zx0DVNSuSDD047vxAvSsv3bsZDFm_VwEn9ly7hiRxUY/viewform"
Mon Jun  9 10:33:10 2014,tryfi (某部分卻像殘廢了。),衣飾,淘寶莫代爾長裙兩款,直寄/EZ/交大,26,http://www.ptt.cc/bbs/BuyTogether/M.1402281193.A.1D7.html,http://item.taobao.com/item.htm?spm=2013.1.0.0.gB5Slv&id=38956482394&source=superboss&appId=113
,,,,,83,http://www.ptt.cc/bbs/BuyTogether/M.1402284400.A.E06.html,"http://ppt.cc/gQ4R,https://docs.google.com/forms/d/1k9SOuFf8SXQyiy9UkoYRBgVoio1ibGcWSCx9bQjisOE/viewform?usp=send_form,http://item2.gmarket.co.kr/English/detailview/item.aspx?goodscode=538519053,http://item2.gmarket.co.kr/English/detailview/item.aspx?goodscode=384556278"
Sun Jun  8 16:35:34 2014,tingyu0512 (潔咪),無主,綠光森林手工皂出清,三重,33,http://www.ptt.cc/bbs/BuyTogether/M.1402216537.A.96B.html,https://www.facebook.com/lavertesoap.tw?ref=stream
Sun Jun  8 16:03:30 2014,musician0128 (Lawrence),無主,沒跟到的男生牛仔外套,直寄,41,http://www.ptt.cc/bbs/BuyTogether/M.1402214613.A.C1A.html,http://item.taobao.com/item.htm?spm=a1z10.5.w4002-4159703981.22.q8CetA&id=15737173620
Sun Jun  8 16:16:06 2014,ilikemusic20 (Miss Music),衣飾,天德牌雨衣,桃園,0,http://www.ptt.cc/bbs/BuyTogether/M.1402215369.A.BC8.html,https://tw.user.bid.yahoo.com/tw/user/Y6756965163;_ylt=ApZGgFcurHLXcgmh2puGyEJyFbN8;_ylv=3
Sun Jun  8 16:57:48 2014,chiya85 (YaYa),,,,0,http://www.ptt.cc/bbs/BuyTogether/M.1402217872.A.E62.html,http://www.gomaji.com/Taiwan_p55730.html
Sun Jun  8 15:52:38 2014,kaokaocathy (凱西兒),無主,羅馬風縷空涼鞋三款,直寄,50,http://www.ptt.cc/bbs/BuyTogether/M.1402213961.A.48D.html,"http://item.taobao.com/item.htm?spm=2013.1.0.0.oRPkAP&scm=1007.10090.581.0&id=37252906549&pvid=95dfcab5-71b0-49df-800e-83f667d93636,http://www.ptt.cc/bbs/BuyTogether/M.1401790003.A.5A4.html,http://item.taobao.com/item.htm?spm=a1z10.3.w4002-4763610885.59.87L1IN&id=37104690649,http://item.taobao.com/item.htm?spm=a1z10.3.w4002-4763610885.65.87L1IN&id=37106779094"
Sun Jun  8 15:58:13 2014,mssimple (庭庭),衣飾,BEBI家長洋裝全館,直寄,54,http://www.ptt.cc/bbs/BuyTogether/M.1402214296.A.CD0.html,"https://docs.google.com/forms/d/1vpbYHIdcQqj_CshhnjGA2SrzMG8xy_ZlEb4qohD2xxQ/closedform,https://accounts.google.com/ServiceLogin?service=wise&passive=1209600&continue=https%3A%2F%2Fdocs.google.com%2Fspreadsheet%2Fccc%3Fkey%3D0AlpXVg_Llo4gdG9nTFBDU2Ntai13X1pFSVZ6VmhvbEE%26pref%3D2&followup=https%3A%2F%2Fdocs.google.com%2Fspreadsheet%2Fccc%3Fkey%3D0AlpXVg_Llo4gdG9nTFBDU2Ntai13X1pFSVZ6VmhvbEE%26pref%3D2&ltmpl=sheets,http://bebi-only.taobao.com/search.htm?spm=a1z10.1.0.0.zRm7Ir&search=y&v=1"
Sun Jun  8 15:47:50 2014,SmileU (SmileU),衣飾,淘寶蕾絲雨鞋(只收米白色),金山街/大安,0,http://www.ptt.cc/bbs/BuyTogether/M.1402213673.A.509.html,http://item.taobao.com/item.htm?id=38695900299
Sun Jun  8 16:54:28 2014,s9350315 (倩),衣飾,一次購齊版上生火雪紡上衣,永和/公館地方團,7,http://www.ptt.cc/bbs/BuyTogether/M.1402217670.A.934.html,"https://docs.google.com/forms/d/1CLhuVCVRyJpebuJ62DDg7W0OEJNiX1zu8ClfHsexmpM/viewform?usp=send_form,http://item.taobao.com/item.htm?spm=a1z0d.6639537.1997196601.4.io4atp&id=19960355374,http://item.taobao.com/item.htm?spm=a1z0k.6846101.1130973605.d4915205.3A3zMT&id=38441175673&_u=11ocs618e0d,http://item.taobao.com/item.htm?spm=a1z0d.6639537.1997196601.48.vvKNU0&id=20167013855,http://www.ptt.cc/bbs/BuyTogether/M.1402200889.A.078.html"
Sun Jun  8 16:34:36 2014,minimi0827 (布溜),綜合,淘寶奇蹟世界julius手錶,中壢,0,http://www.ptt.cc/bbs/BuyTogether/M.1402216479.A.ABE.html,http://aihuababy.taobao.com/
Sun Jun  8 16:20:59 2014,marian7934 (M&#39;s),無主,超強防滑無肩帶內衣,直寄/EZ,136,http://www.ptt.cc/bbs/BuyTogether/M.1402215662.A.A34.html,"http://www.ptt.cc/bbs/BuyTogether/M.1401790634.A.CC8.html,http://detail.tmall.com/item.htm?spm=a1z10.3.w4011-3166310343.169.yUoS8V&id=38341506403&rn=1beecfb68bfd5b3b213b6923e29d22c8&tbpm=3"
Sun Jun  8 16:43:58 2014,cobex (cobe),衣飾,不像雨靴的馬丁雨靴,直寄,81,http://www.ptt.cc/bbs/BuyTogether/M.1402217040.A.F90.html,http://item.taobao.com/item.htm?id=19339210493
Sun Jun  8 17:15:46 2014,mirage96 (MIR),綜合,UNT指彩,政大,0,http://www.ptt.cc/bbs/BuyTogether/M.1402218948.A.F90.html,http://www.shopunt.com/tch/color/nail/collection/c/72
Sun Jun  8 16:20:56 2014,irene0211 (irene),無主,彤彤泳衣,直寄/輔大/樹林,86,http://www.ptt.cc/bbs/BuyTogether/M.1402215659.A.54A.html,http://tongtongyy.taobao.com/?spm=2013.1.0.0.BIxrMA
Sun Jun  8 17:29:03 2014,eniger (   ),食物,哈凱部落鳳梨天使蛋糕,桂林路家樂福,0,http://www.ptt.cc/bbs/BuyTogether/M.1402219745.A.3D3.html,http://rainbowhope.tw/
,,,,,23,http://www.ptt.cc/bbs/BuyTogether/M.1402217341.A.9C9.html,"https://docs.google.com/file/d/0B9Y1LsdD_si9M2JoSXFPRUE2STQ/edit,https://docs.google.com/forms/d/1dkaXaJm1-KTVgNxJrW2aBkhnEb9rAx8JaIZrKZSMW14/viewform?usp=send_form,https://www.facebook.com/lavertesoap.tw?ref=stream"
Sun Jun  8 16:00:47 2014,fishgirl08 (I.O.U),綜合,回購樂立方世界建築3D立體拼圖,直寄,24,http://www.ptt.cc/bbs/BuyTogether/M.1402214451.A.56A.html,"http://ppt.cc/ajpU,http://ppt.cc/shLf,http://ppt.cc/1104,http://ppt.cc/QKcE,http://ppt.cc/LGbV,http://ppt.cc/BUiN,http://ppt.cc/8D67,http://ppt.cc/m0OQ,http://item.taobao.com/item.htm?spm=a1z10.5.w4002-2824379200.33.J2GYby&id=39185342405,http://ppt.cc/CtV6,http://ppt.cc/uO7~,http://ppt.cc/YsBb,http://ppt.cc/l-Fh,http://item.taobao.com/item.htm?spm=a1z10.3.w4002-2824378650.35.g5j7sP&id=20123960447,https://docs.google.com/forms/d/1Xhq6BM50AV6sGPwW4ZFNPejwlj7kEHNesvXLby5C3xE/closedform,http://ppt.cc/EHEP"
Sun Jun  8 16:02:35 2014,ert230 (嵐嵐),無主,夏天必備草帽12款式,直寄,200,http://www.ptt.cc/bbs/BuyTogether/M.1402214557.A.FC7.html,"http://detail.1688.com/offer/39238663173.html,http://detail.1688.com/offer/39258892956.html,http://detail.1688.com/offer/39242674305.html,http://detail.1688.com/offer/39250319841.html,http://detail.1688.com/offer/39238091961.html,http://detail.1688.com/offer/39264729190.html,http://detail.1688.com/offer/39225138209.html?spm=a262f.3521849.23309857.12,http://detail.1688.com/offer/39262417398.html,http://m.1688.com/offer/39289988278.html?mobileProfileLine=0,http://detail.1688.com/offer/39250309838.html,http://detail.1688.com/offer/39229070896.html,http://detail.1688.com/offer/39225154544.html,http://detail.1688.com/offer/39289988278.html,http://detail.1688.com/offer/39250449861.html,http://detail.1688.com/offer/39237727101.html,http://detail.1688.com/offer/39226974316.html"
Sun Jun  8 16:50:15 2014,Android2 (Froyo),綜合,雨傘王滿萬八折團,板橋/舊遠百,0,http://www.ptt.cc/bbs/BuyTogether/M.1402217418.A.48D.html,"http://www.umbrellaking.tw/,https://docs.google.com/forms/d/1ulJgRZPnywWmfr9hZ8S1pIFAarZ_gCewDX2otayCBvs/viewform"
Sun Jun  8 17:27:54 2014,s9350315 (倩),衣飾,衣櫃總要有一套的正式西裝和襯衫,永和/公館地方團,4,http://www.ptt.cc/bbs/BuyTogether/M.1402219676.A.A1D.html,"https://docs.google.com/forms/d/1AqvhKl8tg8xm-IYVSRbvMQX9oPDdE0u8jrkeGfEQtuc/viewform?usp=send_form,http://item.taobao.com/item.htm?id=37869932545,http://www.ptt.cc/bbs/BuyTogether/M.1402212337.A.BB6.html,http://detail.tmall.com/item.htm?id=35424403577&tbpm=3"
Sun Jun  8 15:46:02 2014,enyleve (soleil),衣飾,qn生火條紋小包,直寄,14,http://www.ptt.cc/bbs/BuyTogether/M.1402213565.A.828.html,"https://docs.google.com/forms/d/1hz3fr4K13YLBBNWFReplkC4vfmSXys8c9WlUHY5oiOM/viewform?usp=send_form,http://item.taobao.com/item.htm?spm=a230r.1.14.54.RSCw1U&id=38154723056&ns=1#detail,http://ppt.cc/lPXc,http://www.ptt.cc/bbs/BuyTogether/M.1402205106.A.572.html,http://ppt.cc/A3iG"
Sun Jun  8 14:50:15 2014,mocimocy100 (笑也是笑你是個白痴),食物,東爵MOS紅茶,平鎮/育達路,2,http://www.ptt.cc/bbs/BuyTogether/M.1402210218.A.297.html,"http://www.ptt.cc/bbs/BuyTogether/M.1401988442.A.FC8.html,http://goods.ruten.com.tw/item/show?11090703368122"
,"ab933 (61.64.173.211), 06/08/2014 15:38:51",,,,0,http://www.ptt.cc/bbs/BuyTogether/M.1402212952.A.B00.html,
Sun Jun  8 15:25:34 2014,alisiablue (龍兒),衣飾,衣櫃總要有一套的正式西裝和襯衫,直寄,66,http://www.ptt.cc/bbs/BuyTogether/M.1402212337.A.BB6.html,"http://detail.tmall.com/item.htm?id=35424403577&tbpm=3,http://ppt.cc/qRPC,http://item.taobao.com/item.htm?id=37869932545"
Sun Jun  8 15:07:53 2014,twinspenny (Penny:D),綜合,綠光森林手工皂,中山國小/民權西/蘆洲,20,http://www.ptt.cc/bbs/BuyTogether/M.1402211277.A.F02.html,"https://docs.google.com/forms/d/11KjU8McRmQXGMpWMWcmrN9jzm_U1skjNaPAJTRvsG9A/viewform?usp=send_form,https://docs.google.com/file/d/0B62tQ_jlJ8QuV2RqTzhqS25PTkhtUnlMT3dCMjdINmwya0pJ/edit?usp=sharing,https://www.facebook.com/lavertesoap.tw?ref=stream"
Sun Jun  8 15:18:06 2014,ema790412 (Ema),綜合,無主文韓國超夯3CE彩妝官網訂購75折,高雄,1,http://www.ptt.cc/bbs/BuyTogether/M.1402211889.A.60C.html,http://ppt.cc/3Ph8
Sun Jun  8 15:15:10 2014,penguinChun (缺哩),無主,綠光森林手工皂出清,,10,http://www.ptt.cc/bbs/BuyTogether/M.1402211713.A.9FC.html,https://www.facebook.com/lavertesoap.tw?ref=stream
Sun Jun  8 14:39:04 2014,Ayl (我有一隻布丁狗),綜合,綠光森林手工皂,萬隆/公館/忠孝新生,18,http://www.ptt.cc/bbs/BuyTogether/M.1402209547.A.198.html,"https://docs.google.com/file/d/0B0tyU09r6cPqU2NWWGk4bGdaSjg/edit?usp=sharing,https://www.facebook.com/lavertesoap.tw?ref=stream"
Sun Jun  8 15:13:48 2014,abububu (大膽刁民),綜合,花王蒸氣眼罩,高雄/郵寄,1,http://www.ptt.cc/bbs/BuyTogether/M.1402211631.A.97B.html,http://goods.ruten.com.tw/item/show?21308086051802
Sun Jun  8 15:39:11 2014,zoepeng (:!),無主,垂坤肉鬆零食,南京東路、西湖捷運,9,http://www.ptt.cc/bbs/BuyTogether/M.1402213153.A.43C.html,http://www.chuei-kun.com.tw/about-us.html
Sun Jun  8 15:24:33 2014,cindy596970 (梨洛),無主,回購莫代爾開衫外套,直寄/郵寄/店到店,108,http://www.ptt.cc/bbs/BuyTogether/M.1402212275.A.E71.html,"http://item.taobao.com/item.htm?spm=a1z0k.6846101.1130973605.d4915205.QmNTDG&id=17306370570&_u=61nl70a9b2df,http://item.taobao.com/item.htm?spm=a1z0k.6846101.1130973605.d4915205.QmNTDG&id=37879675870&_u=61nl70a9c629"
,,,,,0,http://www.ptt.cc/bbs/BuyTogether/M.1402212135.A.220.html,
Sun Jun  8 15:16:09 2014,fedo1044 (期待),截止,綠光森林手工皂,ez,3,http://www.ptt.cc/bbs/BuyTogether/M.1402211771.A.383.html,"https://docs.google.com/file/d/0B9Y1LsdD_si9M2JoSXFPRUE2STQ/edit,https://www.facebook.com/lavertesoap.tw?ref=stream"
,,,,,31,http://www.ptt.cc/bbs/BuyTogether/M.1402208632.A.58D.html,"https://docs.google.com/spreadsheets/d/11qiFxCzqaw4IPLnM74fxx3UWbfxDhpSK7Lcan5Dijt0/edit#gid=0,https://docs.google.com/forms/d/1PRn6loUNxrfflXN9TaPXWpfkn6UtRkaDwqyglpNZ7pU/closedform,https://drive.google.com/?tab=wo&authuser=0#folders/0B3adeEoELjOnS2xUZ2lmTmdwQTg,https://www.facebook.com/lavertesoap.tw/timeline"
Sun Jun  8 15:29:42 2014,enyleve (soleil),衣飾,STARMIMI同款細肩帶雪紡背心,政大,84,http://www.ptt.cc/bbs/BuyTogether/M.1402212585.A.260.html,"http://www.ptt.cc/bbs/BuyTogether/M.1402107042.A.1CB.html,http://shop62272787.taobao.com/,http://item.taobao.com/item.htm?id=39088309573,https://docs.google.com/forms/d/1LwAH5pWeCNIz7FJGiJGGJ67N4QSrurDeEY1pQAyh1nY/closedform,https://tw.mall.yahoo.com/item/p051852100326"
Sun Jun  8 15:29:05 2014,wa0825 (bbㄅㄅ逼啵),綜合,綠光森林手工皂,公館/永和/中山,20,http://www.ptt.cc/bbs/BuyTogether/M.1402212547.A.77E.html,"http://www.lavertesoap.com.tw/,https://docs.google.com/forms/d/1X6WbG3hHvScdRHb-Jnom23QBT6zGNSGx2lxttn_WpYE/closedform,https://accounts.google.com/ServiceLogin?service=wise&passive=1209600&continue=https%3A%2F%2Fdocs.google.com%2Fspreadsheet%2Fccc%3Fkey%3D0Ah5N0gsyx3HwdFV1OXVzR19xbVpBVjE5U3UzdW83Wnc%26hl%3Dzh%26pref%3D2&followup=https%3A%2F%2Fdocs.google.com%2Fspreadsheet%2Fccc%3Fkey%3D0Ah5N0gsyx3HwdFV1OXVzR19xbVpBVjE5U3UzdW83Wnc%26hl%3Dzh%26pref%3D2&ltmpl=sheets&hl=zh,https://www.facebook.com/lavertesoap.tw/timeline"
Sun Jun  8 14:38:26 2014,nicole22678 (ching),綜合,淘寶奇蹟世界julius手錶,北醫,0,http://www.ptt.cc/bbs/BuyTogether/M.1402209508.A.6D9.html,"http://aihuababy.taobao.com/,http://item.taobao.com/item.htm?id=13127668829　＊注意網址形式"
Sun Jun  8 15:15:23 2014,kaciy0522 (直髮妞),綜合,綠光森林手工皂遷廠出清特賣,郵寄/ez,32,http://www.ptt.cc/bbs/BuyTogether/M.1402211726.A.423.html,"https://docs.google.com/spreadsheet/pub?key=0ApFvcsbas3BMdGw1aDQ5Y2lGdjg0S3UzR0ZpaG5LOVE&single=true&gid=1&output=html,http://www.ptt.cc/bbs/BuyTogether/M.1241790589.A.08B.html,http://ppt.cc/H8Fo,https://docs.google.com/forms/d/1g-_hTNMNpxQJFdCCSFqeAvEF_ZYLDO5LGhD3jdgAVAE/closedform,http://www.lavertesoap.com.tw/,https://docs.google.com/file/d/0B5Fvcsbas3BMbkEyMDBzcTB2T28/edit,https://www.facebook.com/lavertesoap.tw?fref=ts"
Sun Jun  8 14:59:40 2014,myshch (我是A寐),無主,淘寶男雨靴,直寄/高雄,64,http://www.ptt.cc/bbs/BuyTogether/M.1402210784.A.412.html,http://item.taobao.com/item.htm?id=27313116353
Wed Jun 11 11:00:47 2014,nickss (尼克斯),無主,又是寬鬆雪紡T,直寄,13,http://www.ptt.cc/bbs/BuyTogether/M.1402455650.A.BAC.html,"http://item.taobao.com/item.htm?spm=a2106.m5221.1000384.7.MAGIc5&id=38702434085&scm=1029.newlist-similaritem.bts3.0&ppath=&sku=&ug=#detail,http://item.taobao.com/item.htm?spm=2013.1.0.0.odAvgU&id=38590259203&scm=1007.10115.744.0&pvid=27f4870a-f38f-4f16-af61-3117bcb38732"
Wed Jun 11 12:03:15 2014,c0911237161 (胖胖蓁),無主,淘寶蛋蛋開心數碼手機殼,郵寄/EZ,2,http://www.ptt.cc/bbs/BuyTogether/M.1402459398.A.507.html,http://13534053053.taobao.com/category-610239599.htm?spm=a1z10.3.w4010-5390495344.27.clDS9Z&search=y&catName=iphone5+5S++%C5%E4%BC%FE#bd
Wed Jun 11 10:52:55 2014,hsinxuan (Tiara),衣飾,小清新碎花圓領雪紡露背連衣裙,直寄,3,http://www.ptt.cc/bbs/BuyTogether/M.1402455178.A.DE2.html,"https://docs.google.com/forms/d/1QgfRrPKZ_AZclOQESgypFSnXk85Uye7UYEs9hVHv3H4/viewform,http://detail.1688.com/offer/38842483128.html"
Wed Jun 11 11:23:58 2014,tender11 (小胖依),綜合,EarsQuake SHA耳機,信義安和/新埔/郵寄,0,http://www.ptt.cc/bbs/BuyTogether/M.1402457040.A.AD8.html,https://tw.mall.yahoo.com/item/p00212061519
Wed Jun 11 12:13:01 2014,mn1231 (nnnnnnnnnnnnnn),衣飾,雪紡露背連身褲(跟p大),高雄/左營,0,http://www.ptt.cc/bbs/BuyTogether/M.1402459984.A.EF4.html,http://item.taobao.com/item.htm?id=37711743338
Wed Jun 11 10:59:56 2014,p310005 (p310005),衣飾,一次購齊版上生火雪紡上衣(a大),EZ/郵寄,78,http://www.ptt.cc/bbs/BuyTogether/M.1402455598.A.581.html,"http://www.ptt.cc/bbs/BuyTogether/M.1402200889.A.078.html,http://www.ptt.cc/bbs/BuyTogether/M.1402399890.A.DA0.html,http://item.taobao.com/item.htm?spm=a1z0d.6639537.1997196601.4.io4atp&id=19960355374,http://ppt.cc/ac-v,http://item.taobao.com/item.htm?spm=a1z0d.6639537.1997196601.48.vvKNU0&id=20167013855,http://item.taobao.com/item.htm?spm=a1z0k.6846101.1130973605.d4915205.3A3zMT&id=38441175673&_u=11ocs618e0d"
Wed Jun 11 11:28:21 2014,everyanzi (豬豬夫人),衣飾,再回購交叉綁帶坡跟鞋大小碼訂製,直寄,1,http://www.ptt.cc/bbs/BuyTogether/M.1402457306.A.E5B.html,"http://ppt.cc/Jv-c,http://ppt.cc/9zpt,https://docs.google.com/forms/d/1qWr0exFa3jud8FiMwBGFpt4WLGRjX_udfhPaPC3ZzQo/viewform,http://ppt.cc/eSpD,http://ppt.cc/iIBI,http://item.taobao.com/item.htm?spm=a1z10.5.w1101911411.24.497ZDg&id=14393850136,http://ppt.cc/iyIS"
Wed Jun 11 12:10:10 2014,rachel58976 (暖呼呼的太陽),寵物,瑪丁小型成犬低過敏骨關節飼料20KG,EZ,0,http://www.ptt.cc/bbs/BuyTogether/M.1402459816.A.4C2.html,"https://docs.google.com/forms/d/1JxaCcyJZJcgij3PCTcwIBdK0F5jfFmXi-wW5GkJdraA/viewform,http://www.pcstore.com.tw/petco888/M13707948.htm"
Wed Jun 11 10:46:06 2014,domoto (小六小姐~~*),無主,回購N次高彈力褲子,直寄,46,http://www.ptt.cc/bbs/BuyTogether/M.1402454768.A.744.html,"http://www.ptt.cc/bbs/BuyTogether/M.1402390080.A.586.html,http://detail.1688.com/offer/1021917409.html"
Wed Jun 11 11:44:15 2014,ntcb (喵的),無主,繽紛多色16吋方形拉桿箱,直寄,2,http://www.ptt.cc/bbs/BuyTogether/M.1402458258.A.2AB.html,http://item.taobao.com/item.htm?spm=a230r.1.14.75.7HYiRl&id=38528825599&ns=1#detail
Wed Jun 11 11:09:52 2014,pacetua (pacetua),綜合,牛爾naruko免運,捷運市府站/信義區,0,http://www.ptt.cc/bbs/BuyTogether/M.1402456195.A.E68.html,http://www.naruko.com.tw/shop/
Wed Jun 11 10:38:01 2014,mc90112000 (空格),無主,淘寶sony情侶熊手機套,EZ/直寄/郵寄,0,http://www.ptt.cc/bbs/BuyTogether/M.1402454283.A.91C.html,http://item.taobao.com/item.htm?spm=a1z10.5.w4002-7006549520.57.4vr1eP&id=38600795417
Wed Jun 11 12:10:08 2014,weichien0 (wei),衣飾,回購莫代爾開衫外套(c大),古亭/店到店,0,http://www.ptt.cc/bbs/BuyTogether/M.1402459810.A.BC2.html,"http://item.taobao.com/item.htm?spm=a1z0k.6846101.1130973605.d4915205.QmNTDG&id=17306370570&_u=61nl70a9b2df,http://item.taobao.com/item.htm?spm=a1z0k.6846101.1130973605.d4915205.QmNTDG&id=37879675870&_u=61nl70a9c629"
Wed Jun 11 11:13:58 2014,peiching0113 (),,,,0,http://www.ptt.cc/bbs/BuyTogether/M.1402456441.A.B1D.html,
Wed Jun 11 10:42:12 2014,hsinxuan (Tiara),無主,有分size的棉麻居家短褲,直寄,19,http://www.ptt.cc/bbs/BuyTogether/M.1402454536.A.2CB.html,http://detail.1688.com/offer/39226619924.html
Wed Jun 11 11:19:17 2014,tender11 (小胖依),綜合,Lepow充電線,信義安和/新埔,0,http://www.ptt.cc/bbs/BuyTogether/M.1402456759.A.76B.html,"http://www.ptt.cc/bbs/BuyTogether/M.1402449945.A.A20.html,http://detail.tmall.com/item.htm?id=23966148229&tbpm=3,https://docs.google.com/forms/d/1DZ0Rmut4I3PZPN-99e4myyhw7crHSlOJ6QJgAmm8rT8/viewform"
Wed Jun 11 11:39:21 2014,ginlife (金來福),,,,0,http://www.ptt.cc/bbs/BuyTogether/M.1402457964.A.5EB.html,http://detail.1688.com/offer/38402039064.html
Wed Jun 11 12:08:34 2014,a124578 (a124578),無主,淘寶雙面雙眼皮貼,郵寄/EZ,4,http://www.ptt.cc/bbs/BuyTogether/M.1402459717.A.77B.html,"http://item.taobao.com/item.htm?spm=2013.1.0.0.JFouwP&id=13427073876,http://item.taobao.com/item.htm?spm=2013.1.0.0.JFouwP&id=17151468169,http://item.taobao.com/item.htm?spm=a1z10.5.w4002-5498858107.37.Xp1Slu&id=19527484195,http://item.taobao.com/item.htm?spm=2013.1.0.0.JFouwP&id=16722053866"
Wed Jun 11 11:55:07 2014,c0911237161 (胖胖蓁),無主,出國旅遊必備收納小物,直寄/郵寄,117,http://www.ptt.cc/bbs/BuyTogether/M.1402458910.A.93C.html,"http://item.taobao.com/item.htm?spm=a230r.1.0.0.h7Oboa&id=36164912953,http://detail.tmall.com/item.htm?spm=a230r.1.14.10.6R6xxX&id=37443642621&tbpm=3,http://item.taobao.com/item.htm?id=39074089161&ali_refid=a3_430009_1006:1102693909:6:%C2%C3%D0%D0%D2%C2%CE%EF%CA%D5%C4%C9%B4%FC:d2d3a0eaa9fdace7c1781137c87d2f81&ali_trackid=1_d2d3a0eaa9fdace7c1781137c87d2f81&spm=a230r.1.0.0.5zArEW,http://www.ptt.cc/bbs/BuyTogether/M.1402363351.A.7FD.html,http://www.ptt.cc/bbs/BuyTogether/M.1402246456.A.2E9.html,http://detail.tmall.com/item.htm?spm=a230r.1.14.18.6R6xxX&id=19996443719&tbpm=3,http://item.taobao.com/item.htm?spm=2013.1.0.0.7RVXZZ&scm=1007.10011.531.0&id=38143501979&pvid=97fe8383-52b9-4b44-92c1-85a624d75d9d"
Wed Jun 11 11:38:35 2014,ywt127 (*~小紫~*),綜合,ttmax雙色遮瑕 CC霜,郵寄,1,http://www.ptt.cc/bbs/BuyTogether/M.1402457919.A.FE7.html,"http://24h.pchome.com.tw/prod/DDAT77-A69729388?q=/S/DDAT77,http://ppt.cc/Rw0z"
Wed Jun 11 02:40:19 2014,annman1 (我要打球),綜合,ORBIS防曬68折團,石牌/忠孝復興/郵寄,0,http://www.ptt.cc/bbs/BuyTogether/M.1402425621.A.312.html,http://www.orbis.com.tw/
Wed Jun 11 10:35:19 2014,ilikemoveit (holly),,,,0,http://www.ptt.cc/bbs/BuyTogether/M.1402454121.A.29D.html,"http://www.ptt.cc/bbs/Hsinchu/M.1402413910.A.1E4.html,https://login.yahoo.com/config/login?.pd=c%3D3Chd7Yq72e502eh4R99sgUvi5Q--&.src=auc&.intl=tw&.lg=tw&.intl=tw&.pd=c%3D3Chd7Yq72e502eh4R99sgUvi5Q--&.src=auc&.last=https:%2f%2ftw.user.bid.yahoo.com/tw%2fshow%2fsignup&.done=http:%2f%2ftw.page.bid.yahoo.com%2Ftw%2Fauction%2F100001590422%3FaID%3D100001590422%26u%3DY1370258685&.r=1394328978"
Wed Jun 11 03:34:43 2014,hommusic (  愛．好奇  ),衣飾,復古郵差斜肩單肩包(i大),大村/員林,0,http://www.ptt.cc/bbs/BuyTogether/M.1402428888.A.06C.html,http://item.taobao.com/item.htm?spm=937.1000770.1000419.1.d5Ke08&id=35524665261&asker=wangwang&wwdialog=bbxxbbmc&ad_id=&am_id=&cm_id=&pm_id=
Wed Jun 11 09:25:42 2014,rainbowbaby (小彩虹),綜合,Lepow充電線,郵寄/ez,28,http://www.ptt.cc/bbs/BuyTogether/M.1402449945.A.A20.html,"http://detail.tmall.com/item.htm?id=23966148229&tbpm=3,https://docs.google.com/forms/d/1DZ0Rmut4I3PZPN-99e4myyhw7crHSlOJ6QJgAmm8rT8/viewform"
Wed Jun 11 09:27:56 2014,singim (gim),綜合,CAN+ Fairy 四纖籽,公館/萬隆,2,http://www.ptt.cc/bbs/BuyTogether/M.1402450080.A.B18.html,http://group.i-fit.com.tw/content.php?p_id=892
Wed Jun 11 08:02:22 2014,i5063002im (耶比),食物,看海長大的芒果乾,郵寄/雙和sogo,26,http://www.ptt.cc/bbs/BuyTogether/M.1402444944.A.F4A.html,"https://www.facebook.com/mango944?fref=ts,https://docs.google.com/forms/d/1WdfZBNLcRyJEXCTs-QL6FnMQjxOgOKaFepwO_f136MM/viewform?usp=send_form"
Wed Jun 11 03:03:18 2014,ohyapapa (趴趴=D),綜合,超好看!波西米亞電腦包筆電包,直寄,9,http://www.ptt.cc/bbs/BuyTogether/M.1402427001.A.04C.html,"http://item.taobao.com/item.htm?spm=a1z10.5.w4002-3071368423.58.DzbVF4&id=39031945738,http://item.taobao.com/item.htm?spm=a1z10.5.w4002-3071368423.70.SgheMj&id=21330251939,http://item.taobao.com/item.htm?spm=a1z10.5.w4002-3071368423.67.3HpEwm&id=18919062552,http://item.taobao.com/item.htm?spm=a1z10.5.w4002-3071368423.73.wrmFhb&id=23338256995,https://docs.google.com/forms/d/18YOPiL-UsmW35WjZP3srHrwcUybR966bS4TUeXTtfm4/viewform,http://item.taobao.com/item.htm?spm=a1z10.1.w6964027-3071368390.11.k2ZjHn&id=23610184395,http://item.taobao.com/item.htm?spm=a1z10.5.w4002-3071368423.85.SgheMj&id=19077238342,http://item.taobao.com/item.htm?spm=a1z10.5.w4002-3071368423.49.SgheMj&id=22715356456,http://item.taobao.com/item.htm?spm=a1z10.5.w4002-3071368423.52.SgheMj&id=18925885498"
Wed Jun 11 10:03:10 2014,ankey614158 (Ankey),綜合,太順駕訓團報優惠班,樹林,1,http://www.ptt.cc/bbs/BuyTogether/M.1402452193.A.333.html,http://www.taishun.com.tw/index.html
Wed Jun 11 08:29:37 2014,hopeblue (叫你阿嬤來囉~~~~),無主,海洋盒子全館飾品,郵寄,1,http://www.ptt.cc/bbs/BuyTogether/M.1402446585.A.CEB.html,https://tw.user.bid.yahoo.com/tw/user/Y8968968697
,,,,,0,http://www.ptt.cc/bbs/BuyTogether/M.1402444586.A.901.html,
Wed Jun 11 10:06:54 2014,bel1535 (),無主,陌下時光傘,直寄/公館/中正紀念堂/西門,20,http://www.ptt.cc/bbs/BuyTogether/M.1402452416.A.CD6.html,http://moretime.taobao.com/index.htm?spm=a1z10.5.w5002-5568232543.2.vrKFiT
Wed Jun 11 05:59:31 2014,q8657777 (賂),衣飾,小V領休閒條紋雪紡襯衫,郵寄,18,http://www.ptt.cc/bbs/BuyTogether/M.1402437574.A.2E5.html,"http://www.ptt.cc/bbs/BuyTogether/M.1402411290.A.A8C.html,http://detail.1688.com/offer/38402039064.html,https://docs.google.com/forms/d/150ACGPB0N4TCRXe2wE-r-iKWi4deHB7GHCnWuAxuGeU/viewform"
,,,,,0,http://www.ptt.cc/bbs/BuyTogether/M.1402453299.A.FAE.html,http://www.17life.com/ppon/default.aspx?bid=fb3b9e7d-10a4-46f2-a7fa-e9389a4464f0&rsrc=GL_web
Wed Jun 11 08:41:13 2014,milkegg (淡淡香水味),無主,莫代爾短袖t恤罩衫,直寄,9,http://www.ptt.cc/bbs/BuyTogether/M.1402447276.A.F45.html,"http://item.taobao.com/item.htm?spm=2013.1.0.0.HQrWnb&id=18148433815,http://item.taobao.com/item.htm?spm=2013.1.w7293025-7229469359.3.RisnNL&id=38708907371"
Wed Jun 11 09:10:59 2014,jaya03918 (childlike),,,,1,http://www.ptt.cc/bbs/BuyTogether/M.1402449061.A.DE5.html,"https://tw.buy.yahoo.com/?m=notvalid,http://www.ptt.cc/bbs/Hsinchu/M.1402395096.A.360.html"
Wed Jun 11 09:16:37 2014,holyjj (它宒宅),,,,0,http://www.ptt.cc/bbs/BuyTogether/M.1402449399.A.4D2.html,"https://www.facebook.com/heartgrape?sk=wall,http://www.ptt.cc/bbs/BuyTogether/M.1402129368.A.681.html"
Wed Jun 11 08:57:46 2014,poyuchang (打頭會變笨),無主,益康黃金泡菜,新竹,0,http://www.ptt.cc/bbs/BuyTogether/M.1402448269.A.6FF.html,http://www.xn--eytu94cnggyl1a.tw/
Wed Jun 11 08:23:11 2014,leonian (......),綜合,淘寶LOZ積木(J主購),台南成大,0,http://www.ptt.cc/bbs/BuyTogether/M.1402446194.A.2BA.html,"http://ppt.cc/qhbH,http://ppt.cc/GRal,https://docs.google.com/forms/d/1_wF0-QHLh020uW8MT5vYEkTFRH2ifUtqlwZiNgpcQF4/closedform,http://ppt.cc/uEZs,http://item.taobao.com/item.htm?spm=2013.1.0.0.UyEWzw&id=22236699370&scm=1007.10115.744.0&pvid=9fc33571-29bb-47cf-a550-f07f229947b6"
Wed Jun 11 09:46:08 2014,HBIL (HB),截止,生活市集 iBeats入耳式耳機,台北/郵寄,0,http://www.ptt.cc/bbs/BuyTogether/M.1402451172.A.25E.html,http://www.buy123.com.tw/site/deal/WJKQWRA
Wed Jun 11 10:04:20 2014,weibkey (Keep Walking),,,,1,http://www.ptt.cc/bbs/BuyTogether/M.1402452263.A.B18.html,http://www.buy123.com.tw/site/deal/YAK39J8
Wed Jun 11 00:20:10 2014,penspirit (有一天我會插上翅膀飛),綜合,白鳳堂2014夏限定品刷具套組,台中/一中,0,http://www.ptt.cc/bbs/BuyTogether/M.1402417214.A.27D.html,"http://www.hakuho-do.co.jp/products/detail1008.html,http://www.hakuho-do.co.jp/products/detail581.html"
Wed Jun 11 00:57:22 2014,cobex (cobe),無主,STARMIMI同款雙層雪紡背心,直寄,67,http://www.ptt.cc/bbs/BuyTogether/M.1402419445.A.BBB.html,"http://item.taobao.com/item.htm?id=39088309573,https://tw.mall.yahoo.com/item/p051852100326"
Wed Jun 11 01:18:57 2014,g0ul4 (Kumiko嫘晞詻乓潦),無主,訂製超美復古行李箱,直寄,154,http://www.ptt.cc/bbs/BuyTogether/M.1402420742.A.C98.html,"http://detail.tmall.com/item.htm?spm=a1z10.1.w5003-5384558483.2.VoWNAa&id=38346627088&rn=140342c2c6861af9685faaa9bfea3b48&scene=taobao_shop&tbpm=3,http://ppt.cc/CUsB,http://www.ptt.cc/bbs/BuyTogether/M.1401334269.A.266.html,http://detail.1688.com/offer/37616418543.html,http://detail.1688.com/offer/37830756691.html,http://detail.tmall.com/item.htm?spm=a1z10.5.w4011-3167873156.55.bRACSB&id=35552810623&rn=cfb8f96e265cafcf57b7472ae44724d5&tbpm=3,http://ppt.cc/T3Z3,http://item.taobao.com/item.htm?spm=a230r.1.14.196.3qvdkX&id=36142679834&ns=1&_u=vb1n2nvd446#detail,http://detail.1688.com/offer/38109953755.html,http://ppt.cc/nN8w,http://ppt.cc/gwlt"
Wed Jun 11 00:15:47 2014,rockowlet (搖滾貓頭鷹),衣飾,歐美顯瘦BF風長版寬襯衫,公館/台電地方團,7,http://www.ptt.cc/bbs/BuyTogether/M.1402416951.A.0E1.html,"https://docs.google.com/forms/d/1VgfK_B2GKJFkGvDB66SjAJCz2iEh0REq20u_yinPqYA/viewform?usp=send_form,http://ppt.cc/IcI7,http://item.taobao.com/item.htm?id=20043886386,http://goods.ruten.com.tw/item/show?21312280520938"
Wed Jun 11 00:59:14 2014,mickey7 (萱子),綜合,淘寶黑白破洞褲,交大/清屈,0,http://www.ptt.cc/bbs/BuyTogether/M.1402419557.A.998.html,http://item.taobao.com/item.htm?spm=0.0.0.0.b9Ka5q&id=19318237290
Wed Jun 11 02:19:51 2014,shawncool (MonKey),票券,威秀電影團票,永春/市府/郵寄,0,http://www.ptt.cc/bbs/BuyTogether/M.1402424395.A.2D9.html,http://www.vscinemas.com.tw/index.aspx?pg=discount
Wed Jun 11 01:23:14 2014,okok4127 (nihc),無主,清新棉麻假兩件格子連衣裙,直寄/郵寄,122,http://www.ptt.cc/bbs/BuyTogether/M.1402420996.A.43C.html,"http://item.taobao.com/item.htm?spm=a1z0k.6846101.1130973605.d4915209.EOtNCx&id=39076196039&_u=b1h1trjj510f,http://www.ptt.cc/bbs/BuyTogether/M.1402474263.A.5F5.html,http://item.taobao.com/item.htm?spm=a230r.1.14.43.NBZOVx&id=39151260373&ns=1&_u=b1h1trjjba8b#detail"
Wed Jun 11 00:57:42 2014,cobex (cobe),無主,糖果色綁帶襯衫,直寄,147,http://www.ptt.cc/bbs/BuyTogether/M.1402419464.A.235.html,"http://item.taobao.com/item.htm?id=37709520324,http://item.taobao.com/item.htm?id=38272334747,http://item.taobao.com/item.htm?id=20834631699,http://www.ptt.cc/bbs/BuyTogether/M.1401905304.A.06B.html"
Wed Jun 11 00:39:27 2014,pooh0108 (喵喵仔),衣飾,ES生火顯瘦不透白褲,直寄,43,http://www.ptt.cc/bbs/BuyTogether/M.1402418370.A.138.html,"http://www.ptt.cc/bbs/BuyTogether/M.1402235598.A.8EB.html,https://docs.google.com/a/cmu.edu.tw/forms/d/1n7rAs-qUa39es6XLsNkewiLcbIYUrUIXvS8yVCkJxG8/viewform,http://item.taobao.com/item.htm?id=37020783458"
Wed Jun 11 00:19:36 2014,jkllkj (嗨嗨),綜合,淘寶LOZ積木,直寄/EZ,68,http://www.ptt.cc/bbs/BuyTogether/M.1402417179.A.F78.html,"http://ppt.cc/qhbH,http://ppt.cc/GRal,https://docs.google.com/forms/d/1_wF0-QHLh020uW8MT5vYEkTFRH2ifUtqlwZiNgpcQF4/closedform,http://ppt.cc/uEZs,http://item.taobao.com/item.htm?spm=2013.1.0.0.UyEWzw&id=22236699370&scm=1007.10115.744.0&pvid=9fc33571-29bb-47cf-a550-f07f229947b6"
Wed Jun 11 01:12:07 2014,churryrain (中信兄弟沒有象),無主,淘寶波波聚攏內衣,直寄,69,http://www.ptt.cc/bbs/BuyTogether/M.1402420330.A.78C.html,"http://item.taobao.com/item.htm?id=18213953462,http://item.taobao.com/item.htm?id=4633263955,http://item.taobao.com/item.htm?id=36680761489"
Wed Jun 11 02:38:02 2014,maxinequeen (愛自己),寵物,鵬宗小舖貓抓板,木柵/政大,0,http://www.ptt.cc/bbs/BuyTogether/M.1402425484.A.72D.html,http://goods.ruten.com.tw/item/show?21101158934746
Wed Jun 11 01:20:48 2014,ohyapapa (趴趴=D),衣飾,低調極簡風超好看通勤包,直寄,11,http://www.ptt.cc/bbs/BuyTogether/M.1402420851.A.148.html,"http://item.taobao.com/item.htm?spm=a1z10.1.w5003-4645773328.4.g5iSAh&id=1666127042&scene=taobao_shop,https://docs.google.com/forms/d/1je-lfk6hCft9WBSQEr70XiM6oxO7BQBv1H727ublqAE/viewform"
Wed Jun 11 00:33:27 2014,sdshow (蝶),無主,肥皂起泡袋-,直寄,12,http://www.ptt.cc/bbs/BuyTogether/M.1402418011.A.BAB.html,"https://docs.google.com/document/d/1CVFxx6_vBCC_u7iduJRgwBPOouxLMej-NMDf_Au1B9k/edit?usp=sharing,http://www.shop2000.com.tw/peggy035/product/241929/242951"
,,,,,16,http://www.ptt.cc/bbs/BuyTogether/M.1402417164.A.CFE.html,"http://item2.gmarket.co.kr/English/detailview/item.aspx?goodscode=179143224,http://ppt.cc/IYX2"
Wed Jun 11 01:11:19 2014,ilovecheer (搭啦搭啦),衣飾,莫代爾男款背心與短袖(s大),板橋/小巨蛋/郵寄,2,http://www.ptt.cc/bbs/BuyTogether/M.1402420282.A.DCE.html,"http://item.taobao.com/item.htm?id=17062348965,https://docs.google.com/forms/d/1Z-dvK5h8o9zVx5yMsWcCuryX1ocKya6_D8_Vm6kMmF4/viewform?usp=send_form,https://docs.google.com/forms/d/1bqMon6JQSLtXXi7u2MImRnoKaNDFIoDfojkO5vHstg0/viewform,http://item.taobao.com/item.htm?spm=a1z10.5.w4002-4187639465.43.ErlEQg&id=14793271920"
Wed Jun 11 01:07:24 2014,mister12 (zzzz),無主,哈凱部落鳳梨天使蛋糕,土城海山站,0,http://www.ptt.cc/bbs/BuyTogether/M.1402420047.A.2BE.html,http://rainbowhope.tw/product
Wed Jun 11 01:34:18 2014,miamia520520 (伊伊),無主,方便可愛簡約斜跨手機小包,EZ/直寄,22,http://www.ptt.cc/bbs/BuyTogether/M.1402421661.A.913.html,http://h5.m.taobao.com/awp/core/detail.htm?id=37865505468&ut_sk=1.UtGQe75Z/F4DAGTkN69pbz3p_21380790_1402301392.Copy.ShareSceneItemDetail&id=37865505468
Wed Jun 11 00:59:09 2014,tina612358 (球兒),衣飾,男女運動彈力緊身打底褲,松山/台大,0,http://www.ptt.cc/bbs/BuyTogether/M.1402419552.A.253.html,"http://item.taobao.com/item.htm?id=37735521028,http://item.taobao.com/item.htm?id=37740917108"
Wed Jun 11 00:21:59 2014,lun2 (lun),衣飾,復古郵差斜肩單肩包,公館地方團,0,http://www.ptt.cc/bbs/BuyTogether/M.1402417321.A.F55.html,"http://item.taobao.com/item.htm?spm=937.1000770.1000419.1.d5Ke08&id=35524665261&asker=wangwang&wwdialog=bbxxbbmc&ad_id=&am_id=&cm_id=&pm_id=,https://docs.google.com/forms/d/1YJ-n9k5qZOcXlv6Y8IIqDcqee-mlZOId4hZKSdJJr-Q/viewform"
Tue Jun 10 23:25:18 2014,joeg (認真過好每一天),衣飾,小V領休閒條紋雪紡襯衫,郵寄/高雄五甲,4,http://www.ptt.cc/bbs/BuyTogether/M.1402413920.A.423.html,"http://detail.1688.com/offer/38402039064.html,https://docs.google.com/forms/d/150ACGPB0N4TCRXe2wE-r-iKWi4deHB7GHCnWuAxuGeU/viewform"
Tue Jun 10 23:57:44 2014,tingyu0512 (潔咪),綜合,香草森林奇異果美白乳液,三重/新莊,0,http://www.ptt.cc/bbs/BuyTogether/M.1402415867.A.055.html,http://goods.ruten.com.tw/item/qa?21209154325868#qna
Wed Jun 11 00:07:56 2014,wcsunny (想要變瘦),食物,田原香寶寶粥,基隆,0,http://www.ptt.cc/bbs/BuyTogether/M.1402416478.A.614.html,http://www.qchicken.com.tw/%E5%AC%B0%E5%85%92%E7%B2%A5%E5%93%81
Tue Jun 10 23:29:20 2014,taiyasoul (宅比),綜合,KaneboALLIE礦物防護BB霜,頂溪/郵寄,0,http://www.ptt.cc/bbs/BuyTogether/M.1402414163.A.57C.html,https://tw.mall.yahoo.com/item/p034053410424;_ylt=Asxl9PF06U6XljWi8mYnEnJiTB4J;_ylv=3?act=srpa
Tue Jun 10 23:22:13 2014,sho8379 (I&#39;m yours.),無主,日系無袖格子棉麻連衣裙背心裙,台中/EZ,41,http://www.ptt.cc/bbs/BuyTogether/M.1402413735.A.545.html,http://item.taobao.com/item.htm?spm=a1z0d.6639537.1997196601.119.zPUtUW&id=38865782100
Tue Jun 10 23:47:02 2014,bluesea1106 (Alice),截止,Kanebo ALLIE 礦物防護BB霜,五甲/郵寄,0,http://www.ptt.cc/bbs/BuyTogether/M.1402415224.A.AFE.html,https://tw.mall.yahoo.com/item/p034053410424
Tue Jun 10 23:38:16 2014,gail31543 (),食物,看海長大的芒果,景安(a大),0,http://www.ptt.cc/bbs/BuyTogether/M.1402414698.A.506.html,"https://www.facebook.com/mango944?fref=ts,http://goods.ruten.com.tw/item/show?21305264274848"
Tue Jun 10 23:25:46 2014,an10816 (NNC),綜合,綠光森林出清手工皂,高雄/鳳山/三多,2,http://www.ptt.cc/bbs/BuyTogether/M.1402413949.A.7F8.html,https://docs.google.com/file/d/0By-Vnbg8_hVuZHRiZmpxeEZmUnM/edit
Tue Jun 10 23:52:11 2014,ert230 (嵐嵐),,,,6,http://www.ptt.cc/bbs/BuyTogether/M.1402415532.A.C5C.html,"http://detail.1688.com/offer/39238663173.html,http://detail.1688.com/offer/39258892956.html,http://detail.1688.com/offer/39242674305.html,http://detail.1688.com/offer/39250319841.html,http://detail.1688.com/offer/39238091961.html,http://detail.1688.com/offer/39264729190.html,http://detail.1688.com/offer/39262417398.html,http://detail.1688.com/offer/39250309838.html,http://detail.1688.com/offer/39229070896.html,http://detail.1688.com/offer/39225154544.html,http://detail.1688.com/offer/39250449861.html,http://detail.1688.com/offer/39237727101.html,http://detail.1688.com/offer/39226974316.html"
Tue Jun 10 23:59:38 2014,poisesunrise (水溺死了魚),無主,淘寶顯瘦包臀半身裙,直寄,13,http://www.ptt.cc/bbs/BuyTogether/M.1402415984.A.15C.html,"http://detail.1688.com/offer/37137129568.html,http://detail.1688.com/offer/37147724865.html"
Wed Jun 11 00:06:47 2014,ccanister (罐子),無主,康熙來了旅行者6號水果乾,直寄,29,http://www.ptt.cc/bbs/BuyTogether/M.1402416409.A.BCE.html,http://tianchengttl.taobao.com/category-902885365.htm?spm=a1z10.1.w5003-7231473053.1.FflNsK&search=y&catName=%C2%C3%D0%D0%D5%DF6%BA%C5&scene=taobao_shop#bd
Tue Jun 10 23:54:05 2014,leelinda321 (miss.Independent),無主,上學出遊萬用復古後背包多款,直寄/公館,101,http://www.ptt.cc/bbs/BuyTogether/M.1402415649.A.DBB.html,"http://item.taobao.com/item.htm?ut_sk=1.U3%2BkIUUuP14DALrsvgJAP3Iv_21380790_1402328663.Copy.ShareSceneItemDetail&id=35716027942,http://item.taobao.com/item.htm?ut_sk=1.U3%2BkIUUuP14DALrsvgJAP3Iv_21380790_1402327180.Copy.ShareSceneItemDetail&id=39008543016,http://item.taobao.com/auction/noitem.htm?itemid=35856024423&catid=50012010&ut_sk=1.U3%2BkIUUuP14DALrsvgJAP3Iv_21380790_1402327180.Copy.ShareSceneItemDetail,http://item.taobao.com/item.htm?ut_sk=1.U3%2BkIUUuP14DALrsvgJAP3Iv_21380790_1402327180.Copy.ShareSceneItemDetail&id=39414790266,http://item.taobao.com/item.htm?ut_sk=1.U3%2BkIUUuP14DALrsvgJAP3Iv_21380790_1402327180.Copy.ShareSceneItemDetail&id=38988144794"
Tue Jun 10 23:58:43 2014,bunnyholic (toto),食物,Costco 巧克力起司絲等,內湖Costco/西湖,0,http://www.ptt.cc/bbs/BuyTogether/M.1402415925.A.22F.html,http://www.ptt.cc/bbs/BuyTogether/M.1241790589.A.08B.html
Wed Jun 11 00:00:32 2014,snowfreya (Freya),無主,10色大容量旅行後背包,台中/直寄,37,http://www.ptt.cc/bbs/BuyTogether/M.1402416039.A.F5D.html,http://item.taobao.com/item.htm?spm=a1z10.3.w4002-7023977579.32.DYqUk9&id=19574697174
Tue Jun 10 23:11:24 2014,maylin1106 (事前好商量),綜合,貝樂宜backjoy美姿坐墊第二件半價,高雄,0,http://www.ptt.cc/bbs/BuyTogether/M.1402413087.A.F87.html,http://backjoymall.shop.rakuten.tw/
Tue Jun 10 23:16:27 2014,bsd0925 (阿亨),食物,牛奶與雞蛋灌溉的葡萄,台電大樓,0,http://www.ptt.cc/bbs/BuyTogether/M.1402413389.A.201.html,https://www.facebook.com/heartgrape?sk=wall
Tue Jun 10 23:29:26 2014,londoneye (ppr. ),無主,裸色家雪紡長裙,直寄,109,http://www.ptt.cc/bbs/BuyTogether/M.1402414169.A.30D.html,"http://www.ptt.cc/bbs/BuyTogether/M.1401808357.A.D8E.html,http://item.taobao.com/item.htm?spm=2013.1.w6637398-4666108396.6.4VozAq&id=37490977841,http://www.ptt.cc/bbs/BuyTogether/M.1402241459.A.7E2.html,http://www.ptt.cc/bbs/BuyTogether/M.1401697597.A.F27.html,http://item.taobao.com/item.htm?spm=937.1000770.1000419.1.F9E443&id=16259772152&asker=wangwang&wwdialog=bbxxbbmc&ad_id=&am_id=&cm_id=&pm_id=,http://item.taobao.com/item.htm?spm=2013.1.0.0.ZsDqDu&id=14005609171&scene=taobao_shop,http://item.taobao.com/item.htm?spm=2013.1.w6637398-4666108396.5.cucjM7&id=37519107048,http://item.taobao.com/item.htm?spm=2013.1.0.0.ZsDqDu&id=15581023314&scene=taobao_shop,http://item.taobao.com/item.htm?spm=2013.1.0.0.klzTQr&scm=1007.10092.579.0&id=14681853516,http://item.taobao.com/item.htm?spm=2013.1.0.0.ZsDqDu&id=25430488702,http://item.taobao.com/item.htm?id=25809644083"
Tue Jun 10 23:23:41 2014,taroro (主購不是賣家 ok?),衣飾,小V領休閒條紋雪紡襯衫,直寄,0,http://www.ptt.cc/bbs/BuyTogether/M.1402413825.A.ACD.html,"http://www.ptt.cc/bbs/BuyTogether/M.1402411290.A.A8C.html,http://detail.1688.com/offer/38402039064.html"
Tue Jun 10 23:10:31 2014,toiletwto (禦寒),綜合,APPLE小舖拍立得周邊產品,台大/仁愛延吉,0,http://www.ptt.cc/bbs/BuyTogether/M.1402413034.A.094.html,"http://class.ruten.com.tw/user/index00.php?s=board-0547,http://goods.ruten.com.tw/item/show?21308132459198"
,,,,,1,http://www.ptt.cc/bbs/BuyTogether/M.1402412962.A.119.html,"http://item.taobao.com/item.htm?id=37735521028,http://item.taobao.com/item.htm?id=37740917108"
Tue Jun 10 23:09:04 2014,yiruc (愛麗絲是貪吃鬼~),寵物,COSTCO鮭魚甘藷口味狗糧,店到店,0,http://www.ptt.cc/bbs/BuyTogether/M.1402412950.A.329.html,http://www.naturesdomainpetfood.com/about-natures-domain
Tue Jun 10 22:50:05 2014,rednetish (以綺),綜合,伯利恆單人天絲床包,直寄,6,http://www.ptt.cc/bbs/BuyTogether/M.1402411808.A.672.html,"http://item.taobao.com/item.htm?id=37980514503&tracelogww=ltckbburl,https://docs.google.com/forms/d/13pz507Y_LEY5R6PeK7FnTVCZMTes_oUkpVtHvu7P8B4/viewform"
