[賣/新竹] Just Mobile Cooling Bar,http://www.ptt.cc/bbs/MacShop/M.1401851294.A.085.html,http://24h.pchome.com.tw/prod/DCAD8H-A70521205
[買/台南] Ipod shuffle 4代 2GB,http://www.ptt.cc/bbs/MacShop/M.1401851156.A.DAA.html
[買/台北] ipad air 或 ipad mini 64G以上,http://www.ptt.cc/bbs/MacShop/M.1401850847.A.F90.html
[買/台北] IPAD AIR 16G 全新,http://www.ptt.cc/bbs/MacShop/M.1401850455.A.67D.html
[賣/台北] iphone 5 64G 黑色,http://www.ptt.cc/bbs/MacShop/M.1401848730.A.259.html
[買/台北] iPhone5 64G / iPad mini,http://www.ptt.cc/bbs/MacShop/M.1401846481.A.B63.html
[賣/台北] iPhone 3gs 16g 白,http://www.ptt.cc/bbs/MacShop/M.1401845808.A.9FF.html
[買/台北]全新 ipad air 32g 銀白 台灣公司貨,http://www.ptt.cc/bbs/MacShop/M.1401844580.A.3CB.html
[賣/台中]  iPhone 3GS 16G 黑色,http://www.ptt.cc/bbs/MacShop/M.1401842713.A.8AC.html,http://ppt.cc/SamC,http://ppt.cc/xLS9,http://ppt.cc/OCSE
[賣/台北] 全新可JB版本 ipad mini2 白16G,http://www.ptt.cc/bbs/MacShop/M.1401838665.A.E74.html
[賣/全台] 現貨熱賣-美國iTunes Store Gift Card,http://www.ptt.cc/bbs/MacShop/M.1401820893.A.377.html,http://mybid.ruten.com.tw/credit/point?missdisney
[賣/新竹] iphone5c 16g 綠色,http://www.ptt.cc/bbs/MacShop/M.1401816732.A.775.html
[賣/台北] iPad mini2 (Retina) Wi-Fi 32g 白,http://www.ptt.cc/bbs/MacShop/M.1401816089.A.15D.html
[賣/台中] Ipad air玻璃保護貼,http://www.ptt.cc/bbs/MacShop/M.1401815960.A.B7C.html
"[賣/台北] Macbook Pro 15""SSD+HD fusion drive",http://www.ptt.cc/bbs/MacShop/M.1401815194.A.41B.html,https://www.dropbox.com/sh/h8ryqtdr2u7xu1d/duZfolLM5v
[賣/全省] Booq iPad Mini 筆記本型保護套,http://www.ptt.cc/bbs/MacShop/M.1401814160.A.5A0.html,http://24h.pchome.com.tw/prod/DCAG0E-A68515946?q=/S/DCAG0E,https://www.youtube.com/watch?v=4M7vdWTf--M
[賣/高雄] iphone5s 16g 金色 全新未拆,http://www.ptt.cc/bbs/MacShop/M.1401813283.A.AF8.html
[換/台中 ] iPhone5黑32G換5S16G灰,http://www.ptt.cc/bbs/MacShop/M.1401812901.A.EE2.html
[買/台北] 二手ipad mini,http://www.ptt.cc/bbs/MacShop/M.1401812417.A.BFF.html
[買/ 高雄]  iPhone5,http://www.ptt.cc/bbs/MacShop/M.1401811696.A.DDB.html
